Date,Open,High,Low,Close,Volume
2021-03-11 00:00:00+08:00,5024.56005859375,5138.41015625,5020.580078125,5128.22021484375,189600
2021-03-12 00:00:00+08:00,5153.669921875,5153.669921875,5086.81982421875,5146.3798828125,201000
2021-03-13 00:00:00+08:00,,,,,0
2021-03-14 00:00:00+08:00,,,,,0
2021-03-15 00:00:00+08:00,5116.1201171875,5120.8798828125,4992.39990234375,5035.5400390625,204200
2021-03-16 00:00:00+08:00,5054.41015625,5084.31005859375,5009.9501953125,5079.35986328125,161400
2021-03-17 00:00:00+08:00,5062.77001953125,5123.5498046875,5020.1298828125,5100.85986328125,149200
2021-03-18 00:00:00+08:00,5114.58984375,5160.4599609375,5111.1298828125,5141.77001953125,142900
2021-03-19 00:00:00+08:00,5068.52978515625,5089.919921875,4980.759765625,5007.08984375,164200
2021-03-20 00:00:00+08:00,,,,,0
2021-03-21 00:00:00+08:00,,,,,0
2021-03-22 00:00:00+08:00,5008.39990234375,5071.33984375,4996.5400390625,5057.14990234375,167400
2021-03-23 00:00:00+08:00,5057.06005859375,5064.02001953125,4966.52978515625,5009.25,158000
2021-03-24 00:00:00+08:00,4985.39990234375,5024.330078125,4919.89013671875,4928.68994140625,159400
2021-03-25 00:00:00+08:00,4904.06982421875,4950.759765625,4883.66015625,4926.35009765625,132900
2021-03-26 00:00:00+08:00,4953.9501953125,5050.830078125,4953.9501953125,5037.990234375,145900
2021-03-27 00:00:00+08:00,,,,,0
2021-03-28 00:00:00+08:00,,,,,0
2021-03-29 00:00:00+08:00,5052.259765625,5086.64990234375,5010.39013671875,5046.8798828125,143400
2021-03-30 00:00:00+08:00,5043.10009765625,5106.0400390625,5032.7998046875,5094.72998046875,138600
2021-03-31 00:00:00+08:00,5085.9501953125,5085.9501953125,5015.60986328125,5048.35986328125,141300
2021-04-01 00:00:00+08:00,5059.93994140625,5115.43017578125,5056.8701171875,5110.77978515625,120300
2021-04-02 00:00:00+08:00,5129.85009765625,5169.830078125,5116.35009765625,5161.56005859375,127000
2021-04-03 00:00:00+08:00,,,,,0
2021-04-04 00:00:00+08:00,,,,,0
2021-04-05 00:00:00+08:00,,,,,0
2021-04-06 00:00:00+08:00,5178.64013671875,5181.14990234375,5125.330078125,5140.33984375,109800
2021-04-07 00:00:00+08:00,5141.66015625,5141.66015625,5065.18994140625,5103.740234375,145800
2021-04-08 00:00:00+08:00,5078.259765625,5129.1298828125,5062.06982421875,5112.2099609375,141800
2021-04-09 00:00:00+08:00,5100.0400390625,5100.0400390625,5022.08984375,5035.33984375,128400
2021-04-10 00:00:00+08:00,,,,,0
2021-04-11 00:00:00+08:00,,,,,0
2021-04-12 00:00:00+08:00,5026.97998046875,5045.60009765625,4933.009765625,4947.75,152600
2021-04-13 00:00:00+08:00,4949.81005859375,4994.5400390625,4924.2001953125,4939.64013671875,132900
2021-04-14 00:00:00+08:00,4945.68994140625,4987.1201171875,4940.27001953125,4980.6298828125,120900
2021-04-15 00:00:00+08:00,4969.91015625,4969.91015625,4900.2998046875,4948.97021484375,108800
2021-04-16 00:00:00+08:00,4966.89990234375,4979.169921875,4917.9599609375,4966.18017578125,111200
2021-04-17 00:00:00+08:00,,,,,0
2021-04-18 00:00:00+08:00,,,,,0
2021-04-19 00:00:00+08:00,4966.41015625,5088.2099609375,4940.75,5087.02001953125,154800
2021-04-20 00:00:00+08:00,5065.77978515625,5119.85986328125,5058.919921875,5083.3701171875,136500
2021-04-21 00:00:00+08:00,5055.240234375,5110.56005859375,5047.990234375,5098.740234375,124600
2021-04-22 00:00:00+08:00,5114.27978515625,5119.22021484375,5067.14013671875,5089.240234375,121200
2021-04-23 00:00:00+08:00,5088.830078125,5149.97998046875,5086.490234375,5135.4501953125,122100
2021-04-24 00:00:00+08:00,,,,,0
2021-04-25 00:00:00+08:00,,,,,0
2021-04-26 00:00:00+08:00,5156.58984375,5181.10986328125,5072.9599609375,5077.240234375,151400
2021-04-27 00:00:00+08:00,5076.64013671875,5095.97998046875,5042.60986328125,5090.52001953125,124000
2021-04-28 00:00:00+08:00,5073.97021484375,5119.4501953125,5059.259765625,5119.240234375,120600
2021-04-29 00:00:00+08:00,5128.27978515625,5170.58984375,5113.64990234375,5164.169921875,140100
2021-04-30 00:00:00+08:00,5156.35986328125,5163.25,5094.93017578125,5123.490234375,160100
2021-05-01 00:00:00+08:00,,,,,0
2021-05-02 00:00:00+08:00,,,,,0
2021-05-03 00:00:00+08:00,,,,,0
2021-05-04 00:00:00+08:00,,,,,0
2021-05-05 00:00:00+08:00,,,,,0
2021-05-06 00:00:00+08:00,5098.7998046875,5132.89990234375,5037.41015625,5061.1201171875,158800
2021-05-07 00:00:00+08:00,5073.4599609375,5093.75,4996.0400390625,4996.0498046875,172300
2021-05-08 00:00:00+08:00,,,,,0
2021-05-09 00:00:00+08:00,,,,,0
2021-05-10 00:00:00+08:00,5001.43994140625,5019.39013671875,4953.7001953125,4992.419921875,170800
2021-05-11 00:00:00+08:00,4956.080078125,5033.490234375,4925.919921875,5023.06005859375,151500
2021-05-12 00:00:00+08:00,5003.81982421875,5051.169921875,4995.39990234375,5044.5498046875,126600
2021-05-13 00:00:00+08:00,4992.35009765625,5022.080078125,4975.4501953125,4992.97021484375,132300
2021-05-14 00:00:00+08:00,5007.6298828125,5112.97998046875,4981.2900390625,5110.58984375,159400
2021-05-15 00:00:00+08:00,,,,,0
2021-05-16 00:00:00+08:00,,,,,0
2021-05-17 00:00:00+08:00,5115.31005859375,5206.68994140625,5115.31005859375,5184.990234375,153900
2021-05-18 00:00:00+08:00,5190.93017578125,5201.669921875,5156.7900390625,5187.60009765625,118400
2021-05-19 00:00:00+08:00,5173.169921875,5193.56005859375,5151.64013671875,5172.27001953125,118700
2021-05-20 00:00:00+08:00,5167.0498046875,5201.58984375,5152.0400390625,5186.41015625,138500
2021-05-21 00:00:00+08:00,5199.1298828125,5216.16015625,5123.1201171875,5134.14990234375,124800
2021-05-22 00:00:00+08:00,,,,,0
2021-05-23 00:00:00+08:00,,,,,0
2021-05-24 00:00:00+08:00,5138.81005859375,5155.58984375,5092.39013671875,5155.58984375,126700
2021-05-25 00:00:00+08:00,5165.0400390625,5324.35986328125,5161.52001953125,5318.47998046875,183000
2021-05-26 00:00:00+08:00,5326.1201171875,5344.27978515625,5308.740234375,5320.58984375,169600
2021-05-27 00:00:00+08:00,5311.3701171875,5378.47998046875,5286.0498046875,5338.22998046875,148500
2021-05-28 00:00:00+08:00,5338.72998046875,5360.27978515625,5288.64990234375,5321.08984375,164600
2021-05-29 00:00:00+08:00,,,,,0
2021-05-30 00:00:00+08:00,,,,,0
2021-05-31 00:00:00+08:00,5318.080078125,5331.6298828125,5281.68994140625,5331.56982421875,144600
2021-06-01 00:00:00+08:00,5320.47021484375,5343.75,5269.259765625,5341.68017578125,143800
2021-06-02 00:00:00+08:00,5348.33984375,5352.64013671875,5266.7900390625,5289.97021484375,137800
2021-06-03 00:00:00+08:00,5285.7099609375,5314.3701171875,5255.06982421875,5255.2900390625,142000
2021-06-04 00:00:00+08:00,5228.27978515625,5334.490234375,5221.22998046875,5282.27978515625,144700
2021-06-05 00:00:00+08:00,,,,,0
2021-06-06 00:00:00+08:00,,,,,0
2021-06-07 00:00:00+08:00,5284.89013671875,5286.83984375,5242.9501953125,5277.6298828125,127700
2021-06-08 00:00:00+08:00,5276.97021484375,5319.0400390625,5201.14013671875,5232.1201171875,130600
2021-06-09 00:00:00+08:00,5224.9501953125,5253.35986328125,5215.35009765625,5236.4501953125,121800
2021-06-10 00:00:00+08:00,5236.47021484375,5299.52978515625,5229.52001953125,5271.47021484375,139000
2021-06-11 00:00:00+08:00,5275.75,5276.10009765625,5213.60009765625,5224.7001953125,180800
2021-06-12 00:00:00+08:00,,,,,0
2021-06-13 00:00:00+08:00,,,,,0
2021-06-14 00:00:00+08:00,,,,,0
2021-06-15 00:00:00+08:00,5218.56005859375,5225.5,5137.41015625,5166.56005859375,142900
2021-06-16 00:00:00+08:00,5163.25,5164.52001953125,5076.02001953125,5080.490234375,125100
2021-06-17 00:00:00+08:00,5074.3798828125,5123.3701171875,5073.81982421875,5101.89013671875,120500
2021-06-18 00:00:00+08:00,5104.93017578125,5128.02978515625,5064.919921875,5102.47021484375,148600
2021-06-19 00:00:00+08:00,,,,,0
2021-06-20 00:00:00+08:00,,,,,0
2021-06-21 00:00:00+08:00,5088.08984375,5123.77978515625,5058.56982421875,5090.39013671875,132200
2021-06-22 00:00:00+08:00,5106.06982421875,5125.81982421875,5086.27978515625,5122.16015625,130400
2021-06-23 00:00:00+08:00,5127.18994140625,5171.02978515625,5109.759765625,5147.39013671875,136400
2021-06-24 00:00:00+08:00,5156.56005859375,5160.43017578125,5120.580078125,5155.97021484375,126700
2021-06-25 00:00:00+08:00,5159.7998046875,5251.60986328125,5157.47998046875,5239.97021484375,154900
2021-06-26 00:00:00+08:00,,,,,0
2021-06-27 00:00:00+08:00,,,,,0
2021-06-28 00:00:00+08:00,5253.60986328125,5260.64013671875,5226.22021484375,5251.759765625,133200
2021-06-29 00:00:00+08:00,5248.52001953125,5248.52001953125,5182.68017578125,5190.5400390625,125200
2021-06-30 00:00:00+08:00,5189.3798828125,5231.43017578125,5186.6298828125,5224.0400390625,103800
2021-07-01 00:00:00+08:00,5241.2001953125,5252.259765625,5190.8798828125,5229.66015625,127200
2021-07-02 00:00:00+08:00,5186.66015625,5186.66015625,5074.35986328125,5081.1201171875,130400
2021-07-03 00:00:00+08:00,,,,,0
2021-07-04 00:00:00+08:00,,,,,0
2021-07-05 00:00:00+08:00,5073.77978515625,5098.22998046875,5048.0,5085.7900390625,131200
2021-07-06 00:00:00+08:00,5089.77978515625,5092.2099609375,5028.509765625,5083.10009765625,140700
2021-07-07 00:00:00+08:00,5052.419921875,5152.77001953125,5045.41015625,5140.490234375,148500
2021-07-08 00:00:00+08:00,5149.31005859375,5151.22021484375,5078.93017578125,5088.259765625,173900
2021-07-09 00:00:00+08:00,5063.14990234375,5081.41015625,5006.41015625,5069.43994140625,160700
2021-07-10 00:00:00+08:00,,,,,0
2021-07-11 00:00:00+08:00,,,,,0
2021-07-12 00:00:00+08:00,5108.3798828125,5159.41015625,5070.31982421875,5132.7099609375,206200
2021-07-13 00:00:00+08:00,5128.60986328125,5154.0498046875,5114.93994140625,5142.10009765625,166500
2021-07-14 00:00:00+08:00,5130.75,5130.75,5075.1298828125,5083.080078125,188400
2021-07-15 00:00:00+08:00,5073.259765625,5153.81005859375,5067.68017578125,5151.4599609375,181100
2021-07-16 00:00:00+08:00,5140.89990234375,5140.89990234375,5090.6298828125,5094.77001953125,170000
2021-07-17 00:00:00+08:00,,,,,0
2021-07-18 00:00:00+08:00,,,,,0
2021-07-19 00:00:00+08:00,5083.72998046875,5120.81982421875,5047.6201171875,5113.490234375,153200
2021-07-20 00:00:00+08:00,5080.22021484375,5114.0,5067.85986328125,5108.990234375,129300
2021-07-21 00:00:00+08:00,5122.77978515625,5160.5400390625,5122.2998046875,5144.0400390625,168000
2021-07-22 00:00:00+08:00,5150.39013671875,5171.2099609375,5137.8798828125,5151.75,185600
2021-07-23 00:00:00+08:00,5145.43017578125,5145.43017578125,5080.0,5089.22998046875,216500
2021-07-24 00:00:00+08:00,,,,,0
2021-07-25 00:00:00+08:00,,,,,0
2021-07-26 00:00:00+08:00,5067.31005859375,5067.31005859375,4859.60009765625,4925.2998046875,228100
2021-07-27 00:00:00+08:00,4924.27978515625,4940.85986328125,4749.02978515625,4751.31005859375,236600
2021-07-28 00:00:00+08:00,4714.2900390625,4785.66015625,4663.89990234375,4760.47998046875,192600
2021-07-29 00:00:00+08:00,4845.759765625,4857.97021484375,4800.009765625,4850.27001953125,173300
2021-07-30 00:00:00+08:00,4825.7001953125,4825.7001953125,4761.0400390625,4811.169921875,182400
2021-07-31 00:00:00+08:00,,,,,0
2021-08-01 00:00:00+08:00,,,,,0
2021-08-02 00:00:00+08:00,4794.81982421875,4938.81982421875,4761.4599609375,4933.740234375,227200
2021-08-03 00:00:00+08:00,4909.22998046875,4957.02978515625,4890.85009765625,4934.4599609375,203500
2021-08-04 00:00:00+08:00,4927.740234375,4979.2900390625,4919.66015625,4978.85009765625,175500
2021-08-05 00:00:00+08:00,4946.169921875,4997.14013671875,4921.93994140625,4948.669921875,167400
2021-08-06 00:00:00+08:00,4943.0400390625,4944.35009765625,4891.7998046875,4921.56005859375,154200
2021-08-07 00:00:00+08:00,,,,,0
2021-08-08 00:00:00+08:00,,,,,0
2021-08-09 00:00:00+08:00,4890.259765625,5002.89013671875,4884.0400390625,4985.56005859375,182400
2021-08-10 00:00:00+08:00,4977.81982421875,5043.759765625,4941.240234375,5043.14990234375,167100
2021-08-11 00:00:00+08:00,5037.080078125,5059.7900390625,5009.97998046875,5015.33984375,182300
2021-08-12 00:00:00+08:00,4998.06982421875,5016.259765625,4962.97998046875,4973.35009765625,168200
2021-08-13 00:00:00+08:00,4958.759765625,4993.740234375,4921.27978515625,4945.97998046875,158300
2021-08-14 00:00:00+08:00,,,,,0
2021-08-15 00:00:00+08:00,,,,,0
2021-08-16 00:00:00+08:00,4935.919921875,4973.3798828125,4931.3701171875,4941.06982421875,162000
2021-08-17 00:00:00+08:00,4935.0,4967.56005859375,4823.39013671875,4837.39990234375,187600
2021-08-18 00:00:00+08:00,4838.47021484375,4909.5400390625,4818.89990234375,4894.240234375,197500
2021-08-19 00:00:00+08:00,4886.56005859375,4893.47021484375,4839.56982421875,4862.14013671875,201700
2021-08-20 00:00:00+08:00,4817.490234375,4835.14990234375,4720.830078125,4769.27001953125,177600
2021-08-21 00:00:00+08:00,,,,,0
2021-08-22 00:00:00+08:00,,,,,0
2021-08-23 00:00:00+08:00,4777.72998046875,4843.81982421875,4764.009765625,4835.8798828125,167600
2021-08-24 00:00:00+08:00,4844.58984375,4906.2001953125,4842.75,4888.39013671875,197900
2021-08-25 00:00:00+08:00,4890.52001953125,4899.77001953125,4865.759765625,4898.16015625,189400
2021-08-26 00:00:00+08:00,4892.2001953125,4892.2001953125,4798.7001953125,4801.60986328125,197600
2021-08-27 00:00:00+08:00,4794.97021484375,4863.47021484375,4793.58984375,4827.0400390625,183300
2021-08-28 00:00:00+08:00,,,,,0
2021-08-29 00:00:00+08:00,,,,,0
2021-08-30 00:00:00+08:00,4847.02978515625,4849.16015625,4787.2001953125,4813.27001953125,219600
2021-08-31 00:00:00+08:00,4803.08984375,4821.759765625,4740.75,4805.60986328125,235100
2021-09-01 00:00:00+08:00,4804.68994140625,4906.39990234375,4763.2998046875,4869.4599609375,326700
2021-09-02 00:00:00+08:00,4865.81982421875,4892.7001953125,4845.6201171875,4869.41015625,267900
2021-09-03 00:00:00+08:00,4875.06982421875,4886.5498046875,4828.7001953125,4843.06005859375,268100
2021-09-04 00:00:00+08:00,,,,,0
2021-09-05 00:00:00+08:00,,,,,0
2021-09-06 00:00:00+08:00,4841.06005859375,4944.4501953125,4837.7900390625,4933.72998046875,240500
2021-09-07 00:00:00+08:00,4932.97998046875,5005.9599609375,4915.60986328125,4992.830078125,244200
2021-09-08 00:00:00+08:00,4986.7998046875,5013.97998046875,4955.89013671875,4972.1298828125,264600
2021-09-09 00:00:00+08:00,4952.490234375,4970.14990234375,4929.9501953125,4970.009765625,256500
2021-09-10 00:00:00+08:00,4967.97998046875,5042.7998046875,4962.3701171875,5013.52001953125,288300
2021-09-11 00:00:00+08:00,,,,,0
2021-09-12 00:00:00+08:00,,,,,0
2021-09-13 00:00:00+08:00,5006.77001953125,5029.72021484375,4964.9599609375,4991.66015625,249900
2021-09-14 00:00:00+08:00,4989.830078125,5000.97998046875,4907.31982421875,4917.16015625,245600
2021-09-15 00:00:00+08:00,4903.85009765625,4903.85009765625,4843.1201171875,4867.31982421875,188000
2021-09-16 00:00:00+08:00,4866.7900390625,4879.52978515625,4806.14013671875,4807.7001953125,216800
2021-09-17 00:00:00+08:00,4797.10986328125,4857.9599609375,4786.08984375,4855.93994140625,202000
2021-09-18 00:00:00+08:00,,,,,0
2021-09-19 00:00:00+08:00,,,,,0
2021-09-20 00:00:00+08:00,,,,,0
2021-09-21 00:00:00+08:00,,,,,0
2021-09-22 00:00:00+08:00,4770.72998046875,4830.85009765625,4765.22998046875,4821.77001953125,191200
2021-09-23 00:00:00+08:00,4848.22021484375,4877.33984375,4837.56005859375,4853.2001953125,228200
2021-09-24 00:00:00+08:00,4845.64013671875,4897.06005859375,4838.5400390625,4849.43017578125,207700
2021-09-25 00:00:00+08:00,,,,,0
2021-09-26 00:00:00+08:00,,,,,0
2021-09-27 00:00:00+08:00,4870.85009765625,4922.56005859375,4852.2001953125,4877.3701171875,216000
2021-09-28 00:00:00+08:00,4869.080078125,4901.31005859375,4846.6298828125,4883.830078125,176900
2021-09-29 00:00:00+08:00,4846.02001953125,4868.06982421875,4799.8798828125,4833.93017578125,188200
2021-09-30 00:00:00+08:00,4843.9501953125,4876.06982421875,4843.9501953125,4866.3798828125,146100
2021-10-01 00:00:00+08:00,,,,,0
2021-10-02 00:00:00+08:00,,,,,0
2021-10-03 00:00:00+08:00,,,,,0
2021-10-04 00:00:00+08:00,,,,,0
2021-10-05 00:00:00+08:00,,,,,0
2021-10-06 00:00:00+08:00,,,,,0
2021-10-07 00:00:00+08:00,,,,,0
2021-10-08 00:00:00+08:00,4915.72998046875,4937.08984375,4891.6201171875,4929.93994140625,169000
2021-10-09 00:00:00+08:00,,,,,0
2021-10-10 00:00:00+08:00,,,,,0
2021-10-11 00:00:00+08:00,4941.2900390625,4983.72998046875,4930.7099609375,4936.18994140625,163500
2021-10-12 00:00:00+08:00,4920.66015625,4925.490234375,4840.77001953125,4883.83984375,168100
2021-10-13 00:00:00+08:00,4880.14013671875,4953.3701171875,4869.830078125,4940.10986328125,131100
2021-10-14 00:00:00+08:00,4934.259765625,4953.919921875,4903.25,4913.60986328125,119600
2021-10-15 00:00:00+08:00,4896.56005859375,4939.81982421875,4881.009765625,4932.10986328125,142800
2021-10-16 00:00:00+08:00,,,,,0
2021-10-17 00:00:00+08:00,,,,,0
2021-10-18 00:00:00+08:00,4922.509765625,4922.509765625,4844.93994140625,4874.77978515625,141200
2021-10-19 00:00:00+08:00,4869.39013671875,4928.14013671875,4868.81005859375,4922.72021484375,135300
2021-10-20 00:00:00+08:00,4926.77001953125,4944.02001953125,4898.3701171875,4910.18017578125,141500
2021-10-21 00:00:00+08:00,4914.740234375,4946.18017578125,4893.85009765625,4928.02001953125,148900
2021-10-22 00:00:00+08:00,4934.8701171875,4989.89013671875,4934.8701171875,4959.72998046875,143900
2021-10-23 00:00:00+08:00,,,,,0
2021-10-24 00:00:00+08:00,,,,,0
2021-10-25 00:00:00+08:00,4940.89990234375,4981.64990234375,4930.10986328125,4979.52001953125,141900
2021-10-26 00:00:00+08:00,4983.240234375,5002.56982421875,4953.47998046875,4963.10009765625,140900
2021-10-27 00:00:00+08:00,4949.22998046875,4949.22998046875,4884.93994140625,4898.16015625,147100
2021-10-28 00:00:00+08:00,4882.58984375,4898.66015625,4846.27978515625,4864.14013671875,156600
2021-10-29 00:00:00+08:00,4861.27001953125,4908.77001953125,4855.759765625,4908.77001953125,159900
2021-10-30 00:00:00+08:00,,,,,0
2021-10-31 00:00:00+08:00,,,,,0
2021-11-01 00:00:00+08:00,4878.1298828125,4908.2099609375,4858.25,4890.68994140625,171600
2021-11-02 00:00:00+08:00,4886.18017578125,4911.22998046875,4797.89990234375,4839.85009765625,185400
2021-11-03 00:00:00+08:00,4835.81005859375,4858.7099609375,4804.3701171875,4821.10986328125,142800
2021-11-04 00:00:00+08:00,4841.08984375,4873.93994140625,4834.740234375,4868.740234375,132600
2021-11-05 00:00:00+08:00,4858.89990234375,4889.68017578125,4841.740234375,4842.35009765625,147800
2021-11-06 00:00:00+08:00,,,,,0
2021-11-07 00:00:00+08:00,,,,,0
2021-11-08 00:00:00+08:00,4841.14990234375,4866.080078125,4827.68994140625,4848.18017578125,137400
2021-11-09 00:00:00+08:00,4858.25,4870.7900390625,4818.5400390625,4846.740234375,118400
2021-11-10 00:00:00+08:00,4832.7998046875,4832.7998046875,4754.0,4821.18994140625,135100
2021-11-11 00:00:00+08:00,4814.77001953125,4898.64990234375,4809.10986328125,4898.64990234375,160500
2021-11-12 00:00:00+08:00,4902.93017578125,4909.080078125,4875.35009765625,4888.3701171875,132700
2021-11-13 00:00:00+08:00,,,,,0
2021-11-14 00:00:00+08:00,,,,,0
2021-11-15 00:00:00+08:00,4894.41015625,4906.330078125,4863.39990234375,4882.3798828125,121800
2021-11-16 00:00:00+08:00,4880.89990234375,4915.3701171875,4876.5,4883.31982421875,127300
2021-11-17 00:00:00+08:00,4883.25,4891.52001953125,4864.52001953125,4885.75,108500
2021-11-18 00:00:00+08:00,4871.419921875,4871.419921875,4830.41015625,4837.6201171875,114500
2021-11-19 00:00:00+08:00,4832.06005859375,4892.81005859375,4829.56982421875,4890.06005859375,127200
2021-11-20 00:00:00+08:00,,,,,0
2021-11-21 00:00:00+08:00,,,,,0
2021-11-22 00:00:00+08:00,4895.39013671875,4919.0,4893.27001953125,4912.39990234375,138100
2021-11-23 00:00:00+08:00,4905.759765625,4927.52001953125,4896.8798828125,4913.35009765625,154300
2021-11-24 00:00:00+08:00,4914.02978515625,4935.490234375,4899.60986328125,4916.66015625,137200
2021-11-25 00:00:00+08:00,4917.60986328125,4921.330078125,4891.72998046875,4896.43994140625,116000
2021-11-26 00:00:00+08:00,4886.9501953125,4886.9501953125,4850.81005859375,4860.1298828125,120400
2021-11-27 00:00:00+08:00,,,,,0
2021-11-28 00:00:00+08:00,,,,,0
2021-11-29 00:00:00+08:00,4820.009765625,4858.52978515625,4818.7099609375,4851.419921875,133600
2021-11-30 00:00:00+08:00,4857.18017578125,4871.25,4810.22021484375,4832.02978515625,129600
2021-12-01 00:00:00+08:00,4831.89013671875,4844.52001953125,4823.93017578125,4843.85009765625,123100
2021-12-02 00:00:00+08:00,4839.91015625,4866.85009765625,4830.31982421875,4856.16015625,148100
2021-12-03 00:00:00+08:00,4856.97998046875,4901.02001953125,4853.35009765625,4901.02001953125,144100
2021-12-04 00:00:00+08:00,,,,,0
2021-12-05 00:00:00+08:00,,,,,0
2021-12-06 00:00:00+08:00,4909.43017578125,4943.89990234375,4888.68994140625,4892.6201171875,173600
2021-12-07 00:00:00+08:00,4930.830078125,4934.10009765625,4895.22021484375,4922.10009765625,179100
2021-12-08 00:00:00+08:00,4934.41015625,4995.93017578125,4915.7900390625,4995.93017578125,157500
2021-12-09 00:00:00+08:00,5000.68994140625,5114.5,4999.41015625,5078.68994140625,220600
2021-12-10 00:00:00+08:00,5046.27001953125,5060.06005859375,5035.81005859375,5055.1201171875,193700
2021-12-11 00:00:00+08:00,,,,,0
2021-12-12 00:00:00+08:00,,,,,0
2021-12-13 00:00:00+08:00,5090.02001953125,5143.83984375,5079.72998046875,5083.7998046875,211800
2021-12-14 00:00:00+08:00,5066.35009765625,5075.2099609375,5038.85986328125,5049.7001953125,159100
2021-12-15 00:00:00+08:00,5036.27978515625,5060.3701171875,5003.77978515625,5005.89990234375,150500
2021-12-16 00:00:00+08:00,5006.60986328125,5034.72998046875,4987.22021484375,5034.72998046875,144100
2021-12-17 00:00:00+08:00,5021.33984375,5022.10986328125,4954.759765625,4954.759765625,149000
2021-12-18 00:00:00+08:00,,,,,0
2021-12-19 00:00:00+08:00,,,,,0
2021-12-20 00:00:00+08:00,4934.97021484375,4971.669921875,4872.68017578125,4880.419921875,169700
2021-12-21 00:00:00+08:00,4876.509765625,4917.7998046875,4872.9501953125,4913.490234375,143300
2021-12-22 00:00:00+08:00,4924.580078125,4936.669921875,4903.169921875,4914.4501953125,133300
2021-12-23 00:00:00+08:00,4924.2900390625,4948.740234375,4906.75,4948.740234375,139600
2021-12-24 00:00:00+08:00,4953.06005859375,4964.91015625,4905.97998046875,4921.33984375,142700
2021-12-25 00:00:00+08:00,,,,,0
2021-12-26 00:00:00+08:00,,,,,0
2021-12-27 00:00:00+08:00,4918.14990234375,4939.68994140625,4894.16015625,4919.31982421875,124100
2021-12-28 00:00:00+08:00,4923.68994140625,4959.14013671875,4913.60009765625,4955.9599609375,130500
2021-12-29 00:00:00+08:00,4958.64990234375,4958.64990234375,4883.47998046875,4883.47998046875,113600
2021-12-30 00:00:00+08:00,4882.16015625,4940.18017578125,4878.64990234375,4921.509765625,121600
2021-12-31 00:00:00+08:00,4937.4599609375,4950.35986328125,4923.14013671875,4940.3701171875,121300
2022-01-01 00:00:00+08:00,,,,,0
2022-01-02 00:00:00+08:00,,,,,0
2022-01-03 00:00:00+08:00,,,,,0
2022-01-04 00:00:00+08:00,4957.97998046875,4961.4501953125,4874.52978515625,4917.77001953125,151500
2022-01-05 00:00:00+08:00,4907.93017578125,4916.27978515625,4851.97998046875,4868.1201171875,178800
2022-01-06 00:00:00+08:00,4842.16015625,4857.56005859375,4786.43017578125,4818.22998046875,157700
2022-01-07 00:00:00+08:00,4824.31982421875,4856.64990234375,4818.18994140625,4822.3701171875,187100
2022-01-08 00:00:00+08:00,,,,,0
2022-01-09 00:00:00+08:00,,,,,0
2022-01-10 00:00:00+08:00,4812.22998046875,4844.39013671875,4780.81982421875,4844.0498046875,156200
2022-01-11 00:00:00+08:00,4840.009765625,4850.8798828125,4791.89013671875,4797.77001953125,146900
2022-01-12 00:00:00+08:00,4818.89013671875,4852.72998046875,4810.919921875,4845.580078125,143200
2022-01-13 00:00:00+08:00,4853.02978515625,4853.06005859375,4765.240234375,4765.919921875,142500
2022-01-14 00:00:00+08:00,4743.91015625,4764.0498046875,4723.93994140625,4726.72998046875,146900
2022-01-15 00:00:00+08:00,,,,,0
2022-01-16 00:00:00+08:00,,,,,0
2022-01-17 00:00:00+08:00,4728.759765625,4775.240234375,4726.7099609375,4767.27978515625,115300
2022-01-18 00:00:00+08:00,4766.77978515625,4826.2998046875,4747.919921875,4813.35009765625,150900
2022-01-19 00:00:00+08:00,4815.81005859375,4828.75,4755.93017578125,4780.3798828125,133900
2022-01-20 00:00:00+08:00,4778.259765625,4845.0,4777.56982421875,4823.509765625,165000
2022-01-21 00:00:00+08:00,4808.77001953125,4818.31005859375,4762.56005859375,4779.31005859375,139000
2022-01-22 00:00:00+08:00,,,,,0
2022-01-23 00:00:00+08:00,,,,,0
2022-01-24 00:00:00+08:00,4753.93994140625,4801.10009765625,4746.4501953125,4786.740234375,114500
2022-01-25 00:00:00+08:00,4761.9501953125,4781.39013671875,4678.25,4678.4501953125,133700
2022-01-26 00:00:00+08:00,4697.10009765625,4718.990234375,4648.1298828125,4712.31005859375,107100
2022-01-27 00:00:00+08:00,4708.10009765625,4708.43994140625,4616.02978515625,4619.8798828125,121300
2022-01-28 00:00:00+08:00,4641.81005859375,4660.52001953125,4559.830078125,4563.77001953125,126500
2022-01-29 00:00:00+08:00,,,,,0
2022-01-30 00:00:00+08:00,,,,,0
2022-01-31 00:00:00+08:00,,,,,0
2022-02-01 00:00:00+08:00,,,,,0
2022-02-02 00:00:00+08:00,,,,,0
2022-02-03 00:00:00+08:00,,,,,0
2022-02-04 00:00:00+08:00,,,,,0
2022-02-05 00:00:00+08:00,,,,,0
2022-02-06 00:00:00+08:00,,,,,0
2022-02-07 00:00:00+08:00,4638.580078125,4672.64990234375,4615.009765625,4634.08984375,144900
2022-02-08 00:00:00+08:00,4626.43994140625,4626.43994140625,4522.47021484375,4608.77001953125,155800
2022-02-09 00:00:00+08:00,4608.14990234375,4659.4599609375,4595.27978515625,4652.06005859375,148300
2022-02-10 00:00:00+08:00,4657.2099609375,4657.2099609375,4608.08984375,4639.85986328125,151600
2022-02-11 00:00:00+08:00,4617.8701171875,4662.60009765625,4595.8798828125,4601.39990234375,156000
2022-02-12 00:00:00+08:00,,,,,0
2022-02-13 00:00:00+08:00,,,,,0
2022-02-14 00:00:00+08:00,4579.419921875,4593.6298828125,4530.06005859375,4551.68994140625,143700
2022-02-15 00:00:00+08:00,4553.81005859375,4601.4501953125,4550.5400390625,4600.10009765625,115000
2022-02-16 00:00:00+08:00,4619.85009765625,4643.10009765625,4607.22021484375,4617.990234375,107300
2022-02-17 00:00:00+08:00,4616.89990234375,4650.16015625,4606.9501953125,4629.16015625,110000
2022-02-18 00:00:00+08:00,4604.56982421875,4651.33984375,4598.10009765625,4651.240234375,104600
2022-02-19 00:00:00+08:00,,,,,0
2022-02-20 00:00:00+08:00,,,,,0
2022-02-21 00:00:00+08:00,4646.0498046875,4646.669921875,4613.2998046875,4634.31005859375,112500
2022-02-22 00:00:00+08:00,4601.919921875,4602.06982421875,4550.7998046875,4574.14990234375,123300
2022-02-23 00:00:00+08:00,4582.009765625,4625.2998046875,4579.2900390625,4623.0498046875,123000
2022-02-24 00:00:00+08:00,4592.06982421875,4610.8798828125,4488.47998046875,4529.31982421875,184400
2022-02-25 00:00:00+08:00,4564.6298828125,4611.85986328125,4561.89990234375,4573.419921875,149700
2022-02-26 00:00:00+08:00,,,,,0
2022-02-27 00:00:00+08:00,,,,,0
2022-02-28 00:00:00+08:00,4563.740234375,4581.64990234375,4530.68017578125,4581.64990234375,135400
2022-03-01 00:00:00+08:00,4597.85009765625,4623.43017578125,4583.919921875,4619.68994140625,123100
2022-03-02 00:00:00+08:00,4594.02001953125,4594.02001953125,4558.43994140625,4578.60009765625,113300
2022-03-03 00:00:00+08:00,4595.02001953125,4599.39990234375,4544.43017578125,4551.6298828125,138300
2022-03-04 00:00:00+08:00,4513.35986328125,4539.39013671875,4481.490234375,4496.43017578125,127300
2022-03-05 00:00:00+08:00,,,,,0
2022-03-06 00:00:00+08:00,,,,,0
2022-03-07 00:00:00+08:00,4462.52001953125,4462.52001953125,4338.2998046875,4352.77978515625,162200
2022-03-08 00:00:00+08:00,4361.64013671875,4383.64990234375,4252.5400390625,4265.39013671875,167900
2022-03-09 00:00:00+08:00,4280.97998046875,4304.47998046875,4068.18994140625,4226.35009765625,194200
2022-03-10 00:00:00+08:00,4326.2001953125,4335.669921875,4288.509765625,4292.83984375,145300
2022-03-11 00:00:00+08:00,4231.2001953125,4316.0400390625,4176.4501953125,4306.52001953125,152400
2022-03-12 00:00:00+08:00,,,,,0
2022-03-13 00:00:00+08:00,,,,,0
2022-03-14 00:00:00+08:00,4248.14990234375,4280.35986328125,4174.759765625,4174.759765625,130200
2022-03-15 00:00:00+08:00,4125.490234375,4163.419921875,3983.81005859375,3983.81005859375,202500
2022-03-16 00:00:00+08:00,4053.10009765625,4168.58984375,3942.860107421875,4156.080078125,196000
2022-03-17 00:00:00+08:00,4237.669921875,4302.740234375,4217.7998046875,4237.7001953125,179400
2022-03-18 00:00:00+08:00,4218.47021484375,4283.3701171875,4194.93994140625,4265.89990234375,149500
2022-03-19 00:00:00+08:00,,,,,0
2022-03-20 00:00:00+08:00,,,,,0
2022-03-21 00:00:00+08:00,4280.14013671875,4287.81982421875,4223.02001953125,4258.75,127000
2022-03-22 00:00:00+08:00,4252.56982421875,4283.330078125,4236.68994140625,4255.2998046875,126400
2022-03-23 00:00:00+08:00,4269.60986328125,4287.580078125,4241.9599609375,4276.52001953125,117100
2022-03-24 00:00:00+08:00,4249.52978515625,4273.9599609375,4216.85009765625,4251.31005859375,108900
2022-03-25 00:00:00+08:00,4249.06982421875,4254.83984375,4173.93017578125,4174.56982421875,108800
2022-03-26 00:00:00+08:00,,,,,0
2022-03-27 00:00:00+08:00,,,,,0
2022-03-28 00:00:00+08:00,4128.83984375,4174.1201171875,4091.300048828125,4148.47021484375,118400
2022-03-29 00:00:00+08:00,4155.419921875,4177.2099609375,4124.72021484375,4134.14013671875,100300
2022-03-30 00:00:00+08:00,4162.169921875,4254.10009765625,4160.740234375,4254.10009765625,138300
2022-03-31 00:00:00+08:00,4234.72021484375,4247.35986328125,4214.5400390625,4222.60009765625,134000
2022-04-01 00:00:00+08:00,4198.81982421875,4290.669921875,4190.080078125,4276.16015625,133800
2022-04-02 00:00:00+08:00,,,,,0
2022-04-03 00:00:00+08:00,,,,,0
2022-04-04 00:00:00+08:00,,,,,0
2022-04-05 00:00:00+08:00,,,,,0
2022-04-06 00:00:00+08:00,4258.830078125,4277.52001953125,4236.72998046875,4263.83984375,159100
2022-04-07 00:00:00+08:00,4240.02001953125,4278.10986328125,4205.740234375,4209.10009765625,134900
2022-04-08 00:00:00+08:00,4213.2099609375,4237.81005859375,4175.52978515625,4230.77001953125,142800
2022-04-09 00:00:00+08:00,,,,,0
2022-04-10 00:00:00+08:00,,,,,0
2022-04-11 00:00:00+08:00,4203.7900390625,4203.7900390625,4089.090087890625,4100.06982421875,148200
2022-04-12 00:00:00+08:00,4102.97021484375,4179.97021484375,4075.800048828125,4179.97021484375,144300
2022-04-13 00:00:00+08:00,4154.41015625,4194.0400390625,4139.740234375,4139.740234375,125100
2022-04-14 00:00:00+08:00,4172.64013671875,4217.06005859375,4155.5498046875,4191.56982421875,124800
2022-04-15 00:00:00+08:00,4162.3701171875,4211.31982421875,4152.97021484375,4188.75,124800
2022-04-16 00:00:00+08:00,,,,,0
2022-04-17 00:00:00+08:00,,,,,0
2022-04-18 00:00:00+08:00,4152.93017578125,4171.740234375,4119.990234375,4166.3798828125,117500
2022-04-19 00:00:00+08:00,4161.93017578125,4186.93994140625,4115.419921875,4134.89990234375,110200
2022-04-20 00:00:00+08:00,4130.5400390625,4136.169921875,4060.5,4070.7900390625,117300
2022-04-21 00:00:00+08:00,4048.72998046875,4086.43994140625,3978.3701171875,3995.830078125,132800
2022-04-22 00:00:00+08:00,3967.199951171875,4037.080078125,3953.719970703125,4013.25,122100
2022-04-23 00:00:00+08:00,,,,,0
2022-04-24 00:00:00+08:00,,,,,0
2022-04-25 00:00:00+08:00,3933.449951171875,3958.2099609375,3814.909912109375,3814.909912109375,168400
2022-04-26 00:00:00+08:00,3822.489990234375,3871.85009765625,3773.89990234375,3784.1201171875,157600
2022-04-27 00:00:00+08:00,3758.080078125,3895.72998046875,3757.090087890625,3895.5400390625,172700
2022-04-28 00:00:00+08:00,3883.419921875,3943.429931640625,3873.580078125,3921.110107421875,153100
2022-04-29 00:00:00+08:00,3939.6201171875,4017.429931640625,3898.570068359375,4016.239990234375,179500
2022-04-30 00:00:00+08:00,,,,,0
2022-05-01 00:00:00+08:00,,,,,0
2022-05-02 00:00:00+08:00,,,,,0
2022-05-03 00:00:00+08:00,,,,,0
2022-05-04 00:00:00+08:00,,,,,0
2022-05-05 00:00:00+08:00,3995.35009765625,4039.699951171875,3988.929931640625,4010.2099609375,154200
2022-05-06 00:00:00+08:00,3928.85009765625,3947.239990234375,3902.050048828125,3908.820068359375,123000
2022-05-07 00:00:00+08:00,,,,,0
2022-05-08 00:00:00+08:00,,,,,0
2022-05-09 00:00:00+08:00,3883.949951171875,3914.110107421875,3854.93994140625,3877.43994140625,92900
2022-05-10 00:00:00+08:00,3820.6298828125,3932.679931640625,3808.570068359375,3919.8701171875,136400
2022-05-11 00:00:00+08:00,3917.929931640625,4033.300048828125,3916.52001953125,3976.419921875,165600
2022-05-12 00:00:00+08:00,3949.949951171875,3985.929931640625,3935.590087890625,3958.739990234375,113400
2022-05-13 00:00:00+08:00,3983.820068359375,4003.85009765625,3957.139892578125,3988.60009765625,110000
2022-05-14 00:00:00+08:00,,,,,0
2022-05-15 00:00:00+08:00,,,,,0
2022-05-16 00:00:00+08:00,4015.0,4018.030029296875,3947.75,3956.5400390625,112400
2022-05-17 00:00:00+08:00,3961.760009765625,4005.889892578125,3955.10009765625,4005.889892578125,109700
2022-05-18 00:00:00+08:00,4015.010009765625,4017.340087890625,3964.75,3991.909912109375,108100
2022-05-19 00:00:00+08:00,3938.300048828125,3999.60009765625,3933.75,3999.60009765625,116300
2022-05-20 00:00:00+08:00,4020.820068359375,4077.60009765625,4020.820068359375,4077.60009765625,147100
2022-05-21 00:00:00+08:00,,,,,0
2022-05-22 00:00:00+08:00,,,,,0
2022-05-23 00:00:00+08:00,4080.969970703125,4080.969970703125,4029.080078125,4053.97998046875,130500
2022-05-24 00:00:00+08:00,4052.8701171875,4055.780029296875,3959.14990234375,3959.14990234375,145600
2022-05-25 00:00:00+08:00,3959.77001953125,3983.6201171875,3946.81005859375,3983.179931640625,107700
2022-05-26 00:00:00+08:00,3987.679931640625,4015.75,3938.239990234375,3993.0400390625,126300
2022-05-27 00:00:00+08:00,4022.7099609375,4051.139892578125,3983.3798828125,4001.300048828125,112800
2022-05-28 00:00:00+08:00,,,,,0
2022-05-29 00:00:00+08:00,,,,,0
2022-05-30 00:00:00+08:00,4020.860107421875,4040.820068359375,4003.3798828125,4029.02001953125,111200
2022-05-31 00:00:00+08:00,4031.760009765625,4096.2001953125,4020.3798828125,4091.52001953125,135400
2022-06-01 00:00:00+08:00,4086.6201171875,4094.89990234375,4058.85009765625,4083.179931640625,114900
2022-06-02 00:00:00+08:00,4064.0,4091.14990234375,4057.909912109375,4089.570068359375,113900
2022-06-03 00:00:00+08:00,,,,,0
2022-06-04 00:00:00+08:00,,,,,0
2022-06-05 00:00:00+08:00,,,,,0
2022-06-06 00:00:00+08:00,4090.530029296875,4166.6201171875,4063.909912109375,4166.08984375,167900
2022-06-07 00:00:00+08:00,4165.68994140625,4198.08984375,4155.169921875,4179.1298828125,143000
2022-06-08 00:00:00+08:00,4187.14990234375,4224.81005859375,4158.02978515625,4219.81005859375,157400
2022-06-09 00:00:00+08:00,4211.72021484375,4227.4501953125,4160.8798828125,4175.669921875,168400
2022-06-10 00:00:00+08:00,4145.64990234375,4241.35009765625,4140.22021484375,4238.990234375,184800
2022-06-11 00:00:00+08:00,,,,,0
2022-06-12 00:00:00+08:00,,,,,0
2022-06-13 00:00:00+08:00,4194.4599609375,4218.22998046875,4156.7099609375,4189.35009765625,168500
2022-06-14 00:00:00+08:00,4143.22021484375,4224.08984375,4102.93017578125,4222.31005859375,171400
2022-06-15 00:00:00+08:00,4228.2900390625,4348.419921875,4228.2900390625,4278.22021484375,257000
2022-06-16 00:00:00+08:00,4282.080078125,4302.919921875,4241.080078125,4250.06005859375,184100
2022-06-17 00:00:00+08:00,4219.22998046875,4318.77001953125,4218.68017578125,4309.0400390625,158600
2022-06-18 00:00:00+08:00,,,,,0
2022-06-19 00:00:00+08:00,,,,,0
2022-06-20 00:00:00+08:00,4322.830078125,4368.35986328125,4297.89013671875,4330.43017578125,165700
2022-06-21 00:00:00+08:00,4327.919921875,4357.33984375,4287.14013671875,4325.56982421875,164700
2022-06-22 00:00:00+08:00,4331.89990234375,4333.18017578125,4269.25,4270.6201171875,158600
2022-06-23 00:00:00+08:00,4277.9599609375,4343.8798828125,4260.89990234375,4343.8798828125,170900
2022-06-24 00:00:00+08:00,4354.5498046875,4400.68994140625,4346.1201171875,4394.77001953125,169000
2022-06-25 00:00:00+08:00,,,,,0
2022-06-26 00:00:00+08:00,,,,,0
2022-06-27 00:00:00+08:00,4414.330078125,4472.68994140625,4414.330078125,4444.259765625,177400
2022-06-28 00:00:00+08:00,4442.580078125,4497.89013671875,4407.35009765625,4490.52001953125,174800
2022-06-29 00:00:00+08:00,4472.72998046875,4503.1298828125,4414.0,4421.35986328125,187300
2022-06-30 00:00:00+08:00,4418.06982421875,4515.0,4418.06982421875,4485.009765625,156700
2022-07-01 00:00:00+08:00,4489.52001953125,4500.990234375,4449.2900390625,4466.72021484375,144800
2022-07-02 00:00:00+08:00,,,,,0
2022-07-03 00:00:00+08:00,,,,,0
2022-07-04 00:00:00+08:00,4447.22021484375,4496.02978515625,4427.81982421875,4496.02978515625,146300
2022-07-05 00:00:00+08:00,4505.4599609375,4530.31982421875,4439.4501953125,4489.5400390625,155000
2022-07-06 00:00:00+08:00,4475.47998046875,4484.35986328125,4393.419921875,4423.97021484375,149800
2022-07-07 00:00:00+08:00,4425.27978515625,4457.33984375,4391.18994140625,4443.47021484375,132700
2022-07-08 00:00:00+08:00,4468.06005859375,4479.490234375,4426.89013671875,4428.77978515625,123200
2022-07-09 00:00:00+08:00,,,,,0
2022-07-10 00:00:00+08:00,,,,,0
2022-07-11 00:00:00+08:00,4406.14990234375,4406.14990234375,4330.580078125,4354.6201171875,134400
2022-07-12 00:00:00+08:00,4352.64990234375,4370.33984375,4296.6201171875,4313.6201171875,130200
2022-07-13 00:00:00+08:00,4313.35986328125,4341.47021484375,4284.93994140625,4321.4599609375,131100
2022-07-14 00:00:00+08:00,4308.81982421875,4352.10009765625,4292.759765625,4322.06982421875,145300
2022-07-15 00:00:00+08:00,4299.47021484375,4344.85986328125,4248.52978515625,4248.52978515625,150200
2022-07-16 00:00:00+08:00,,,,,0
2022-07-17 00:00:00+08:00,,,,,0
2022-07-18 00:00:00+08:00,4262.14990234375,4300.77978515625,4217.509765625,4292.58984375,122600
2022-07-19 00:00:00+08:00,4288.43994140625,4288.43994140625,4238.81982421875,4269.33984375,103800
2022-07-20 00:00:00+08:00,4291.27978515625,4303.3701171875,4269.97021484375,4283.7998046875,94500
2022-07-21 00:00:00+08:00,4270.35986328125,4283.14990234375,4236.0498046875,4236.06005859375,117200
2022-07-22 00:00:00+08:00,4251.7900390625,4275.47021484375,4207.31005859375,4238.22998046875,103800
2022-07-23 00:00:00+08:00,,,,,0
2022-07-24 00:00:00+08:00,,,,,0
2022-07-25 00:00:00+08:00,4233.93017578125,4234.83984375,4201.919921875,4212.64013671875,83600
2022-07-26 00:00:00+08:00,4220.08984375,4259.990234375,4214.52978515625,4245.97998046875,85800
2022-07-27 00:00:00+08:00,4236.14990234375,4242.10009765625,4217.27978515625,4225.0400390625,78900
2022-07-28 00:00:00+08:00,4242.27001953125,4267.919921875,4223.02978515625,4225.669921875,107500
2022-07-29 00:00:00+08:00,4226.419921875,4243.509765625,4160.8701171875,4170.10009765625,114200
2022-07-30 00:00:00+08:00,,,,,0
2022-07-31 00:00:00+08:00,,,,,0
2022-08-01 00:00:00+08:00,4160.64990234375,4196.56982421875,4129.4501953125,4188.68017578125,107700
2022-08-02 00:00:00+08:00,4144.3798828125,4144.3798828125,4071.429931640625,4107.02001953125,142200
2022-08-03 00:00:00+08:00,4114.830078125,4150.97998046875,4058.179931640625,4066.97998046875,116700
2022-08-04 00:00:00+08:00,4089.43994140625,4108.16015625,4064.659912109375,4101.5400390625,89500
2022-08-05 00:00:00+08:00,4109.6298828125,4159.47998046875,4097.85986328125,4156.91015625,102600
2022-08-06 00:00:00+08:00,,,,,0
2022-08-07 00:00:00+08:00,,,,,0
2022-08-08 00:00:00+08:00,4142.10986328125,4155.72998046875,4135.080078125,4148.06982421875,90200
2022-08-09 00:00:00+08:00,4143.669921875,4161.81005859375,4131.43017578125,4156.2900390625,84100
2022-08-10 00:00:00+08:00,4149.2099609375,4160.7900390625,4092.550048828125,4109.740234375,85600
2022-08-11 00:00:00+08:00,4130.740234375,4193.81005859375,4116.06005859375,4193.5400390625,121400
2022-08-12 00:00:00+08:00,4185.419921875,4202.47021484375,4175.0498046875,4191.14990234375,106800
2022-08-13 00:00:00+08:00,,,,,0
2022-08-14 00:00:00+08:00,,,,,0
2022-08-15 00:00:00+08:00,4180.0,4219.919921875,4174.2998046875,4185.68017578125,105900
2022-08-16 00:00:00+08:00,4190.52978515625,4208.7998046875,4170.52001953125,4177.83984375,93900
2022-08-17 00:00:00+08:00,4182.56982421875,4222.7900390625,4155.169921875,4216.9599609375,112900
2022-08-18 00:00:00+08:00,4205.7900390625,4211.91015625,4173.5400390625,4180.10009765625,101100
2022-08-19 00:00:00+08:00,4174.5498046875,4185.66015625,4151.06982421875,4151.06982421875,117400
2022-08-20 00:00:00+08:00,,,,,0
2022-08-21 00:00:00+08:00,,,,,0
2022-08-22 00:00:00+08:00,4135.16015625,4183.64990234375,4134.2001953125,4181.39990234375,112400
2022-08-23 00:00:00+08:00,4175.52978515625,4187.39013671875,4147.41015625,4161.080078125,103200
2022-08-24 00:00:00+08:00,4168.580078125,4174.16015625,4079.090087890625,4082.419921875,119100
2022-08-25 00:00:00+08:00,4093.2900390625,4119.6201171875,4058.75,4116.240234375,111300
2022-08-26 00:00:00+08:00,4127.81005859375,4139.7900390625,4102.68017578125,4107.5498046875,99000
2022-08-27 00:00:00+08:00,,,,,0
2022-08-28 00:00:00+08:00,,,,,0
2022-08-29 00:00:00+08:00,4063.8798828125,4092.949951171875,4059.60009765625,4089.52001953125,94400
2022-08-30 00:00:00+08:00,4088.530029296875,4093.139892578125,4048.52001953125,4075.7900390625,93300
2022-08-31 00:00:00+08:00,4057.139892578125,4112.85009765625,4046.6201171875,4078.840087890625,132500
2022-09-01 00:00:00+08:00,4066.18994140625,4090.889892578125,4041.1298828125,4043.739990234375,97400
2022-09-02 00:00:00+08:00,4054.840087890625,4056.179931640625,4004.909912109375,4023.610107421875,86800
2022-09-03 00:00:00+08:00,,,,,0
2022-09-04 00:00:00+08:00,,,,,0
2022-09-05 00:00:00+08:00,4010.409912109375,4017.0,3982.739990234375,4015.429931640625,93800
2022-09-06 00:00:00+08:00,4024.469970703125,4054.0,4009.580078125,4052.280029296875,113500
2022-09-07 00:00:00+08:00,4032.719970703125,4067.5400390625,4028.3701171875,4054.97998046875,107700
2022-09-08 00:00:00+08:00,4059.169921875,4067.760009765625,4036.02001953125,4037.679931640625,100900
2022-09-09 00:00:00+08:00,4050.590087890625,4099.009765625,4042.25,4093.7900390625,118400
2022-09-10 00:00:00+08:00,,,,,0
2022-09-11 00:00:00+08:00,,,,,0
2022-09-12 00:00:00+08:00,,,,,0
2022-09-13 00:00:00+08:00,4112.009765625,4128.10986328125,4097.14013671875,4111.10986328125,111800
2022-09-14 00:00:00+08:00,4058.0400390625,4089.06005859375,4047.919921875,4065.360107421875,90800
2022-09-15 00:00:00+08:00,4078.64990234375,4088.81005859375,3998.860107421875,4027.1201171875,124000
2022-09-16 00:00:00+08:00,4013.580078125,4019.409912109375,3932.679931640625,3932.679931640625,137200
2022-09-17 00:00:00+08:00,,,,,0
2022-09-18 00:00:00+08:00,,,,,0
2022-09-19 00:00:00+08:00,3928.419921875,3953.64990234375,3910.31005859375,3928.0,97700
2022-09-20 00:00:00+08:00,3945.64990234375,3957.550048828125,3921.68994140625,3932.840087890625,84800
2022-09-21 00:00:00+08:00,3921.320068359375,3924.389892578125,3884.22998046875,3903.72998046875,86500
2022-09-22 00:00:00+08:00,3875.179931640625,3900.27001953125,3860.22998046875,3869.340087890625,80900
2022-09-23 00:00:00+08:00,3865.10009765625,3888.39990234375,3829.68994140625,3856.02001953125,94300
2022-09-24 00:00:00+08:00,,,,,0
2022-09-25 00:00:00+08:00,,,,,0
2022-09-26 00:00:00+08:00,3829.60009765625,3893.320068359375,3827.949951171875,3836.679931640625,104500
2022-09-27 00:00:00+08:00,3844.070068359375,3893.030029296875,3827.929931640625,3892.300048828125,88900
2022-09-28 00:00:00+08:00,3879.43994140625,3879.43994140625,3828.050048828125,3828.7099609375,86600
2022-09-29 00:00:00+08:00,3864.320068359375,3873.179931640625,3808.64990234375,3827.139892578125,85700
2022-09-30 00:00:00+08:00,3833.35009765625,3848.60009765625,3801.280029296875,3804.889892578125,78600
2022-10-01 00:00:00+08:00,,,,,0
2022-10-02 00:00:00+08:00,,,,,0
2022-10-03 00:00:00+08:00,,,,,0
2022-10-04 00:00:00+08:00,,,,,0
2022-10-05 00:00:00+08:00,,,,,0
2022-10-06 00:00:00+08:00,,,,,0
2022-10-07 00:00:00+08:00,,,,,0
2022-10-08 00:00:00+08:00,,,,,0
2022-10-09 00:00:00+08:00,,,,,0
2022-10-10 00:00:00+08:00,3806.56005859375,3807.4599609375,3715.7099609375,3720.93994140625,102600
2022-10-11 00:00:00+08:00,3732.02001953125,3739.81005859375,3706.06005859375,3727.68994140625,83900
2022-10-12 00:00:00+08:00,3722.8701171875,3784.31005859375,3661.530029296875,3784.31005859375,108100
2022-10-13 00:00:00+08:00,3756.419921875,3783.60009765625,3749.639892578125,3752.669921875,99000
2022-10-14 00:00:00+08:00,3783.320068359375,3863.22998046875,3780.840087890625,3842.469970703125,116200
2022-10-15 00:00:00+08:00,,,,,0
2022-10-16 00:00:00+08:00,,,,,0
2022-10-17 00:00:00+08:00,3822.239990234375,3849.6201171875,3809.1201171875,3846.409912109375,104200
2022-10-18 00:00:00+08:00,3865.830078125,3870.219970703125,3831.169921875,3838.27001953125,88300
2022-10-19 00:00:00+08:00,3827.469970703125,3840.489990234375,3776.530029296875,3776.530029296875,81600
2022-10-20 00:00:00+08:00,3746.580078125,3804.25,3726.7900390625,3754.929931640625,90300
2022-10-21 00:00:00+08:00,3753.889892578125,3768.68994140625,3724.68994140625,3742.889892578125,98800
2022-10-22 00:00:00+08:00,,,,,0
2022-10-23 00:00:00+08:00,,,,,0
2022-10-24 00:00:00+08:00,3727.919921875,3762.159912109375,3619.989990234375,3633.3701171875,130100
2022-10-25 00:00:00+08:00,3621.93994140625,3670.72998046875,3594.699951171875,3627.449951171875,111000
2022-10-26 00:00:00+08:00,3633.31005859375,3700.8798828125,3633.31005859375,3656.89990234375,121300
2022-10-27 00:00:00+08:00,3667.659912109375,3685.080078125,3631.06005859375,3631.139892578125,118000
2022-10-28 00:00:00+08:00,3605.159912109375,3618.860107421875,3533.5,3541.330078125,118800
2022-10-29 00:00:00+08:00,,,,,0
2022-10-30 00:00:00+08:00,,,,,0
2022-10-31 00:00:00+08:00,3504.510009765625,3553.389892578125,3495.949951171875,3508.699951171875,138500
2022-11-01 00:00:00+08:00,3519.820068359375,3634.169921875,3517.6201171875,3634.169921875,149300
2022-11-02 00:00:00+08:00,3620.3701171875,3703.469970703125,3610.800048828125,3677.81005859375,141600
2022-11-03 00:00:00+08:00,3645.06005859375,3670.159912109375,3628.5,3647.89990234375,110600
2022-11-04 00:00:00+08:00,3646.77001953125,3782.8798828125,3646.77001953125,3767.169921875,149700
2022-11-05 00:00:00+08:00,,,,,0
2022-11-06 00:00:00+08:00,,,,,0
2022-11-07 00:00:00+08:00,3754.52001953125,3792.7900390625,3746.3701171875,3775.300048828125,129800
2022-11-08 00:00:00+08:00,3773.659912109375,3779.1201171875,3723.340087890625,3749.330078125,99000
2022-11-09 00:00:00+08:00,3750.780029296875,3760.409912109375,3711.27001953125,3714.27001953125,89400
2022-11-10 00:00:00+08:00,3685.830078125,3701.530029296875,3665.06005859375,3685.68994140625,103500
2022-11-11 00:00:00+08:00,3787.760009765625,3828.89990234375,3747.090087890625,3788.43994140625,189700
2022-11-12 00:00:00+08:00,,,,,0
2022-11-13 00:00:00+08:00,,,,,0
2022-11-14 00:00:00+08:00,3818.139892578125,3848.409912109375,3781.780029296875,3794.02001953125,169700
2022-11-15 00:00:00+08:00,3788.929931640625,3871.639892578125,3775.5,3865.969970703125,151500
2022-11-16 00:00:00+08:00,3860.81005859375,3877.679931640625,3829.31005859375,3834.389892578125,120600
2022-11-17 00:00:00+08:00,3821.27001953125,3821.739990234375,3776.570068359375,3818.659912109375,105900
2022-11-18 00:00:00+08:00,3823.820068359375,3840.300048828125,3801.570068359375,3801.570068359375,115100
2022-11-19 00:00:00+08:00,,,,,0
2022-11-20 00:00:00+08:00,,,,,0
2022-11-21 00:00:00+08:00,3769.6298828125,3769.8701171875,3734.0,3769.1298828125,95900
2022-11-22 00:00:00+08:00,3766.080078125,3809.860107421875,3751.0400390625,3769.570068359375,144500
2022-11-23 00:00:00+08:00,3760.219970703125,3791.179931640625,3753.2099609375,3773.530029296875,144500
2022-11-24 00:00:00+08:00,3791.5400390625,3804.89990234375,3751.3798828125,3756.81005859375,101100
2022-11-25 00:00:00+08:00,3751.280029296875,3790.570068359375,3743.409912109375,3775.780029296875,142900
2022-11-26 00:00:00+08:00,,,,,0
2022-11-27 00:00:00+08:00,,,,,0
2022-11-28 00:00:00+08:00,3701.89990234375,3736.080078125,3672.1298828125,3733.239990234375,127800
2022-11-29 00:00:00+08:00,3766.570068359375,3854.77001953125,3766.570068359375,3848.419921875,178700
2022-11-30 00:00:00+08:00,3836.56005859375,3867.659912109375,3833.830078125,3853.0400390625,157500
2022-12-01 00:00:00+08:00,3921.300048828125,3944.56005859375,3893.8701171875,3894.77001953125,170000
2022-12-02 00:00:00+08:00,3886.39990234375,3898.110107421875,3865.8798828125,3870.949951171875,116800
2022-12-03 00:00:00+08:00,,,,,0
2022-12-04 00:00:00+08:00,,,,,0
2022-12-05 00:00:00+08:00,3907.639892578125,3947.47998046875,3900.669921875,3946.8798828125,201700
2022-12-06 00:00:00+08:00,3929.010009765625,3988.89990234375,3923.0,3968.199951171875,155100
2022-12-07 00:00:00+08:00,3956.669921875,3999.590087890625,3944.179931640625,3958.43994140625,143000
2022-12-08 00:00:00+08:00,3953.199951171875,3971.489990234375,3941.300048828125,3959.179931640625,115200
2022-12-09 00:00:00+08:00,3961.989990234375,4003.320068359375,3944.43994140625,3998.239990234375,153800
2022-12-10 00:00:00+08:00,,,,,0
2022-12-11 00:00:00+08:00,,,,,0
2022-12-12 00:00:00+08:00,3976.169921875,3983.429931640625,3950.320068359375,3953.43994140625,125900
2022-12-13 00:00:00+08:00,3953.550048828125,3964.39990234375,3939.97998046875,3945.679931640625,101000
2022-12-14 00:00:00+08:00,3952.7900390625,3972.739990234375,3935.77001953125,3954.889892578125,98500
2022-12-15 00:00:00+08:00,3954.669921875,3963.5,3926.5,3951.989990234375,88900
2022-12-16 00:00:00+08:00,3931.22998046875,3960.469970703125,3929.489990234375,3954.22998046875,93200
2022-12-17 00:00:00+08:00,,,,,0
2022-12-18 00:00:00+08:00,,,,,0
2022-12-19 00:00:00+08:00,3952.77001953125,3966.570068359375,3878.43994140625,3893.219970703125,106900
2022-12-20 00:00:00+08:00,3881.22998046875,3881.27001953125,3811.47998046875,3829.02001953125,83100
2022-12-21 00:00:00+08:00,3839.0,3853.72998046875,3821.39990234375,3830.5400390625,64800
2022-12-22 00:00:00+08:00,3859.199951171875,3882.1298828125,3821.340087890625,3836.030029296875,83700
2022-12-23 00:00:00+08:00,3811.6201171875,3848.340087890625,3805.949951171875,3828.219970703125,65300
2022-12-24 00:00:00+08:00,,,,,0
2022-12-25 00:00:00+08:00,,,,,0
2022-12-26 00:00:00+08:00,3830.570068359375,3856.81005859375,3827.52001953125,3843.489990234375,73000
2022-12-27 00:00:00+08:00,3860.909912109375,3891.85009765625,3856.580078125,3887.85009765625,77500
2022-12-28 00:00:00+08:00,3874.909912109375,3884.719970703125,3854.93994140625,3871.260009765625,84400
2022-12-29 00:00:00+08:00,3854.239990234375,3868.2900390625,3838.47998046875,3856.699951171875,79400
2022-12-30 00:00:00+08:00,3873.93994140625,3887.550048828125,3868.760009765625,3871.6298828125,78800
2022-12-31 00:00:00+08:00,,,,,0
2023-01-01 00:00:00+08:00,,,,,0
2023-01-02 00:00:00+08:00,,,,,0
2023-01-03 00:00:00+08:00,3864.840087890625,3893.989990234375,3831.25,3887.89990234375,115100
2023-01-04 00:00:00+08:00,3886.25,3905.89990234375,3873.64990234375,3892.949951171875,110700
2023-01-05 00:00:00+08:00,3913.489990234375,3974.8798828125,3912.260009765625,3968.580078125,116500
2023-01-06 00:00:00+08:00,3969.550048828125,4000.409912109375,3966.469970703125,3980.889892578125,111000
2023-01-07 00:00:00+08:00,,,,,0
2023-01-08 00:00:00+08:00,,,,,0
2023-01-09 00:00:00+08:00,3998.530029296875,4023.090087890625,3990.7099609375,4013.1201171875,117100
2023-01-10 00:00:00+08:00,4014.7099609375,4030.4599609375,4002.22998046875,4017.469970703125,101800
2023-01-11 00:00:00+08:00,4019.8798828125,4043.39990234375,4008.02001953125,4010.030029296875,100000
2023-01-12 00:00:00+08:00,4021.75,4030.2900390625,4003.510009765625,4017.8701171875,90600
2023-01-13 00:00:00+08:00,4032.2900390625,4074.3798828125,4027.889892578125,4074.3798828125,95900
2023-01-14 00:00:00+08:00,,,,,0
2023-01-15 00:00:00+08:00,,,,,0
2023-01-16 00:00:00+08:00,4077.8798828125,4177.10009765625,4076.639892578125,4137.9599609375,151400
2023-01-17 00:00:00+08:00,4138.83984375,4148.580078125,4118.16015625,4137.240234375,95500
2023-01-18 00:00:00+08:00,4140.10009765625,4151.4599609375,4125.77001953125,4130.31005859375,84200
2023-01-19 00:00:00+08:00,4125.580078125,4156.009765625,4105.97998046875,4156.009765625,94600
2023-01-20 00:00:00+08:00,4166.83984375,4189.830078125,4161.669921875,4181.52978515625,123600
2023-01-21 00:00:00+08:00,,,,,0
2023-01-22 00:00:00+08:00,,,,,0
2023-01-23 00:00:00+08:00,,,,,0
2023-01-24 00:00:00+08:00,,,,,0
2023-01-25 00:00:00+08:00,,,,,0
2023-01-26 00:00:00+08:00,,,,,0
2023-01-27 00:00:00+08:00,,,,,0
2023-01-28 00:00:00+08:00,,,,,0
2023-01-29 00:00:00+08:00,,,,,0
2023-01-30 00:00:00+08:00,4267.6201171875,4268.14990234375,4197.85986328125,4201.35009765625,164600
2023-01-31 00:00:00+08:00,4200.580078125,4212.72998046875,4153.0498046875,4156.85986328125,124600
2023-02-01 00:00:00+08:00,4170.1298828125,4195.93017578125,4137.77001953125,4195.93017578125,141000
2023-02-02 00:00:00+08:00,4207.41015625,4207.41015625,4170.56005859375,4181.14990234375,133800
2023-02-03 00:00:00+08:00,4162.02978515625,4162.02978515625,4103.169921875,4141.6298828125,117000
2023-02-04 00:00:00+08:00,,,,,0
2023-02-05 00:00:00+08:00,,,,,0
2023-02-06 00:00:00+08:00,4103.830078125,4105.93994140625,4065.219970703125,4086.8798828125,110200
2023-02-07 00:00:00+08:00,4098.31005859375,4107.33984375,4077.9599609375,4094.22998046875,91400
2023-02-08 00:00:00+08:00,4099.85986328125,4111.47021484375,4072.64990234375,4076.139892578125,84800
2023-02-09 00:00:00+08:00,4067.56005859375,4130.85986328125,4064.75,4130.85986328125,102300
2023-02-10 00:00:00+08:00,4124.10009765625,4125.2900390625,4092.35009765625,4106.31005859375,96700
2023-02-11 00:00:00+08:00,,,,,0
2023-02-12 00:00:00+08:00,,,,,0
2023-02-13 00:00:00+08:00,4098.8798828125,4146.4501953125,4092.27001953125,4143.56982421875,128900
2023-02-14 00:00:00+08:00,4151.25,4152.0498046875,4125.259765625,4145.2900390625,102500
2023-02-15 00:00:00+08:00,4146.85009765625,4153.72021484375,4115.97021484375,4123.68994140625,121700
2023-02-16 00:00:00+08:00,4125.41015625,4167.89990234375,4068.860107421875,4093.489990234375,159300
2023-02-17 00:00:00+08:00,4086.219970703125,4104.64013671875,4032.929931640625,4034.510009765625,116100
2023-02-18 00:00:00+08:00,,,,,0
2023-02-19 00:00:00+08:00,,,,,0
2023-02-20 00:00:00+08:00,4039.9599609375,4134.85986328125,4035.47998046875,4133.490234375,161800
2023-02-21 00:00:00+08:00,4130.06005859375,4151.7998046875,4116.27001953125,4144.35009765625,145800
2023-02-22 00:00:00+08:00,4118.97021484375,4134.8798828125,4101.85986328125,4106.9501953125,104300
2023-02-23 00:00:00+08:00,4106.2099609375,4132.39013671875,4088.2099609375,4103.64990234375,103600
2023-02-24 00:00:00+08:00,4100.990234375,4102.60986328125,4048.239990234375,4061.050048828125,101000
2023-02-25 00:00:00+08:00,,,,,0
2023-02-26 00:00:00+08:00,,,,,0
2023-02-27 00:00:00+08:00,4040.4599609375,4067.030029296875,4034.52001953125,4043.840087890625,93800
2023-02-28 00:00:00+08:00,4058.1298828125,4074.260009765625,4026.449951171875,4069.4599609375,110300
2023-03-01 00:00:00+08:00,4068.72998046875,4135.47998046875,4061.219970703125,4126.93994140625,156000
2023-03-02 00:00:00+08:00,4119.990234375,4137.25,4113.830078125,4117.740234375,148200
2023-03-03 00:00:00+08:00,4126.02001953125,4135.2099609375,4100.3798828125,4130.5498046875,160300
2023-03-04 00:00:00+08:00,,,,,0
2023-03-05 00:00:00+08:00,,,,,0
2023-03-06 00:00:00+08:00,4131.14990234375,4132.83984375,4088.449951171875,4109.009765625,163000
2023-03-07 00:00:00+08:00,4103.64013671875,4124.9599609375,4046.570068359375,4048.85009765625,195900
2023-03-08 00:00:00+08:00,4030.739990234375,4037.2900390625,4011.52001953125,4034.110107421875,117900
2023-03-09 00:00:00+08:00,4035.840087890625,4043.85009765625,4000.889892578125,4019.85009765625,116500
2023-03-10 00:00:00+08:00,3991.800048828125,4004.360107421875,3966.429931640625,3967.139892578125,123900
2023-03-11 00:00:00+08:00,,,,,0
2023-03-12 00:00:00+08:00,,,,,0
2023-03-13 00:00:00+08:00,3962.639892578125,4008.68994140625,3962.639892578125,4008.68994140625,143600
2023-03-14 00:00:00+08:00,3999.8798828125,4001.93994140625,3946.93994140625,3984.699951171875,150500
2023-03-15 00:00:00+08:00,4011.840087890625,4018.75,3986.89990234375,3986.89990234375,142000
2023-03-16 00:00:00+08:00,3958.199951171875,3981.320068359375,3936.47998046875,3939.14990234375,152500
2023-03-17 00:00:00+08:00,3971.159912109375,4004.219970703125,3945.25,3958.820068359375,177400
2023-03-18 00:00:00+08:00,,,,,0
2023-03-19 00:00:00+08:00,,,,,0
2023-03-20 00:00:00+08:00,3962.659912109375,3979.550048828125,3935.02001953125,3939.080078125,205300
2023-03-21 00:00:00+08:00,3948.159912109375,3982.699951171875,3948.159912109375,3982.3798828125,145100
2023-03-22 00:00:00+08:00,3993.780029296875,4016.449951171875,3986.7099609375,3999.43994140625,149200
2023-03-23 00:00:00+08:00,3985.989990234375,4039.090087890625,3984.0,4039.090087890625,158900
2023-03-24 00:00:00+08:00,4035.159912109375,4037.840087890625,4017.0,4027.050048828125,159400
2023-03-25 00:00:00+08:00,,,,,0
2023-03-26 00:00:00+08:00,,,,,0
2023-03-27 00:00:00+08:00,4023.300048828125,4023.300048828125,3987.030029296875,4012.47998046875,168500
2023-03-28 00:00:00+08:00,4015.699951171875,4023.780029296875,3994.60009765625,3999.510009765625,131900
2023-03-29 00:00:00+08:00,4013.590087890625,4017.760009765625,3992.669921875,4006.139892578125,133700
2023-03-30 00:00:00+08:00,4009.56005859375,4040.5,3983.89990234375,4038.530029296875,149900
2023-03-31 00:00:00+08:00,4045.449951171875,4063.570068359375,4039.9599609375,4050.929931640625,138800
2023-04-01 00:00:00+08:00,,,,,0
2023-04-02 00:00:00+08:00,,,,,0
2023-04-03 00:00:00+08:00,4059.6201171875,4094.93994140625,4059.06005859375,4090.570068359375,182100
2023-04-04 00:00:00+08:00,4089.2900390625,4103.16015625,4080.070068359375,4103.10986328125,197100
2023-04-05 00:00:00+08:00,,,,,0
2023-04-06 00:00:00+08:00,4084.1298828125,4098.830078125,4078.39990234375,4096.64013671875,150700
2023-04-07 00:00:00+08:00,4096.89990234375,4131.31005859375,4092.179931640625,4123.27978515625,128700
2023-04-08 00:00:00+08:00,,,,,0
2023-04-09 00:00:00+08:00,,,,,0
2023-04-10 00:00:00+08:00,4132.009765625,4132.2998046875,4099.0498046875,4104.81005859375,152500
2023-04-11 00:00:00+08:00,4108.509765625,4116.1201171875,4083.489990234375,4100.14990234375,153900
2023-04-12 00:00:00+08:00,4102.39990234375,4108.25,4090.280029296875,4097.2900390625,166000
2023-04-13 00:00:00+08:00,4081.389892578125,4088.8798828125,4059.570068359375,4068.97998046875,156400
2023-04-14 00:00:00+08:00,4078.969970703125,4098.22021484375,4075.199951171875,4092.0,150700
2023-04-15 00:00:00+08:00,,,,,0
2023-04-16 00:00:00+08:00,,,,,0
2023-04-17 00:00:00+08:00,4090.070068359375,4149.3798828125,4089.510009765625,4149.3798828125,188800
2023-04-18 00:00:00+08:00,4139.31005859375,4169.669921875,4138.4599609375,4162.02978515625,170200
2023-04-19 00:00:00+08:00,4159.39013671875,4159.39013671875,4118.6298828125,4124.56005859375,162600
2023-04-20 00:00:00+08:00,4122.9501953125,4125.81982421875,4094.0,4113.02001953125,162700
2023-04-21 00:00:00+08:00,4114.259765625,4114.259765625,4031.909912109375,4032.570068359375,180800
2023-04-22 00:00:00+08:00,,,,,0
2023-04-23 00:00:00+08:00,,,,,0
2023-04-24 00:00:00+08:00,4031.300048828125,4033.639892578125,3967.909912109375,3982.639892578125,170100
2023-04-25 00:00:00+08:00,3985.110107421875,3991.68994140625,3925.43994140625,3962.669921875,172600
2023-04-26 00:00:00+08:00,3950.260009765625,3975.659912109375,3934.659912109375,3959.22998046875,162700
2023-04-27 00:00:00+08:00,3948.030029296875,3999.1298828125,3942.820068359375,3988.419921875,153800
2023-04-28 00:00:00+08:00,3993.260009765625,4030.449951171875,3993.260009765625,4029.090087890625,179500
2023-04-29 00:00:00+08:00,,,,,0
2023-04-30 00:00:00+08:00,,,,,0
2023-05-01 00:00:00+08:00,,,,,0
2023-05-02 00:00:00+08:00,,,,,0
2023-05-03 00:00:00+08:00,,,,,0
2023-05-04 00:00:00+08:00,4013.469970703125,4035.780029296875,4001.1298828125,4030.25,227600
2023-05-05 00:00:00+08:00,4031.090087890625,4047.60009765625,3998.389892578125,4016.8798828125,206600
2023-05-06 00:00:00+08:00,,,,,0
2023-05-07 00:00:00+08:00,,,,,0
2023-05-08 00:00:00+08:00,4028.110107421875,4070.77001953125,4018.9599609375,4062.659912109375,255600
2023-05-09 00:00:00+08:00,4065.43994140625,4092.85009765625,4026.389892578125,4027.8798828125,279300
2023-05-10 00:00:00+08:00,4017.93994140625,4019.06005859375,3984.6298828125,3996.8701171875,207600
2023-05-11 00:00:00+08:00,4005.780029296875,4018.06005859375,3988.47998046875,3990.659912109375,144800
2023-05-12 00:00:00+08:00,3987.77001953125,3999.3798828125,3937.530029296875,3937.760009765625,144400
2023-05-13 00:00:00+08:00,,,,,0
2023-05-14 00:00:00+08:00,,,,,0
2023-05-15 00:00:00+08:00,3938.830078125,3998.889892578125,3923.030029296875,3998.889892578125,176300
2023-05-16 00:00:00+08:00,4002.52001953125,4005.02001953125,3966.989990234375,3978.2099609375,136800
2023-05-17 00:00:00+08:00,3971.699951171875,3982.60009765625,3945.7099609375,3960.169921875,118400
2023-05-18 00:00:00+08:00,3965.52001953125,3982.719970703125,3939.550048828125,3956.070068359375,136500
2023-05-19 00:00:00+08:00,3946.219970703125,3967.280029296875,3928.320068359375,3944.5400390625,120200
2023-05-20 00:00:00+08:00,,,,,0
2023-05-21 00:00:00+08:00,,,,,0
2023-05-22 00:00:00+08:00,3941.0,3985.39990234375,3935.800048828125,3969.330078125,109100
2023-05-23 00:00:00+08:00,3968.22998046875,3971.93994140625,3913.18994140625,3913.18994140625,118700
2023-05-24 00:00:00+08:00,3903.780029296875,3903.780029296875,3859.090087890625,3859.090087890625,137300
2023-05-25 00:00:00+08:00,3851.409912109375,3861.3798828125,3817.840087890625,3850.5,124200
2023-05-26 00:00:00+08:00,3848.419921875,3859.6298828125,3815.570068359375,3850.949951171875,100300
2023-05-27 00:00:00+08:00,,,,,0
2023-05-28 00:00:00+08:00,,,,,0
2023-05-29 00:00:00+08:00,3862.080078125,3866.719970703125,3819.179931640625,3833.93994140625,131900
2023-05-30 00:00:00+08:00,3827.7900390625,3844.010009765625,3789.27001953125,3837.75,137600
2023-05-31 00:00:00+08:00,3827.159912109375,3827.159912109375,3781.39990234375,3798.5400390625,126400
2023-06-01 00:00:00+08:00,3788.590087890625,3832.2099609375,3786.72998046875,3806.8701171875,134600
2023-06-02 00:00:00+08:00,3821.6201171875,3865.280029296875,3821.6201171875,3861.830078125,125000
2023-06-03 00:00:00+08:00,,,,,0
2023-06-04 00:00:00+08:00,,,,,0
2023-06-05 00:00:00+08:00,3860.56005859375,3860.56005859375,3832.4599609375,3844.25,116200
2023-06-06 00:00:00+08:00,3840.4599609375,3867.85009765625,3802.840087890625,3808.159912109375,125800
2023-06-07 00:00:00+08:00,3815.47998046875,3823.110107421875,3780.10009765625,3789.340087890625,98900
2023-06-08 00:00:00+08:00,3791.080078125,3834.389892578125,3777.780029296875,3820.18994140625,118700
2023-06-09 00:00:00+08:00,3822.409912109375,3836.699951171875,3811.219970703125,3836.699951171875,134300
2023-06-10 00:00:00+08:00,,,,,0
2023-06-11 00:00:00+08:00,,,,,0
2023-06-12 00:00:00+08:00,3827.330078125,3859.719970703125,3813.860107421875,3844.429931640625,126800
2023-06-13 00:00:00+08:00,3838.1298828125,3867.300048828125,3833.4599609375,3864.909912109375,110900
2023-06-14 00:00:00+08:00,3872.719970703125,3891.669921875,3862.06005859375,3864.02001953125,125000
2023-06-15 00:00:00+08:00,3871.77001953125,3925.5,3871.77001953125,3925.5,128400
2023-06-16 00:00:00+08:00,3932.2099609375,3968.010009765625,3928.5400390625,3963.35009765625,139800
2023-06-17 00:00:00+08:00,,,,,0
2023-06-18 00:00:00+08:00,,,,,0
2023-06-19 00:00:00+08:00,3957.030029296875,3957.030029296875,3922.469970703125,3930.909912109375,134900
2023-06-20 00:00:00+08:00,3926.090087890625,3937.489990234375,3918.469970703125,3924.239990234375,122500
2023-06-21 00:00:00+08:00,3909.10009765625,3920.1298828125,3864.030029296875,3864.030029296875,118300
2023-06-22 00:00:00+08:00,,,,,0
2023-06-23 00:00:00+08:00,,,,,0
2023-06-24 00:00:00+08:00,,,,,0
2023-06-25 00:00:00+08:00,,,,,0
2023-06-26 00:00:00+08:00,3833.43994140625,3841.2900390625,3801.050048828125,3809.699951171875,134000
2023-06-27 00:00:00+08:00,3811.68994140625,3851.89990234375,3806.320068359375,3845.429931640625,117000
2023-06-28 00:00:00+08:00,3836.610107421875,3846.85009765625,3808.159912109375,3840.800048828125,107000
2023-06-29 00:00:00+08:00,3836.72998046875,3840.7099609375,3817.3798828125,3821.840087890625,98300
2023-06-30 00:00:00+08:00,3816.330078125,3860.030029296875,3813.550048828125,3842.449951171875,101300
2023-07-01 00:00:00+08:00,,,,,0
2023-07-02 00:00:00+08:00,,,,,0
2023-07-03 00:00:00+08:00,3853.2900390625,3897.330078125,3853.2900390625,3892.8798828125,133200
2023-07-04 00:00:00+08:00,3888.030029296875,3899.97998046875,3878.39990234375,3899.010009765625,109500
2023-07-05 00:00:00+08:00,3895.18994140625,3899.52001953125,3864.1298828125,3868.81005859375,97600
2023-07-06 00:00:00+08:00,3857.030029296875,3876.889892578125,3836.4599609375,3842.75,100100
2023-07-07 00:00:00+08:00,3831.60009765625,3844.840087890625,3819.080078125,3825.699951171875,100900
2023-07-08 00:00:00+08:00,,,,,0
2023-07-09 00:00:00+08:00,,,,,0
2023-07-10 00:00:00+08:00,3841.56005859375,3865.4599609375,3831.919921875,3844.330078125,92000
2023-07-11 00:00:00+08:00,3853.800048828125,3870.64990234375,3844.52001953125,3869.489990234375,86500
2023-07-12 00:00:00+08:00,3864.60009765625,3874.0400390625,3838.56005859375,3843.43994140625,111500
2023-07-13 00:00:00+08:00,3855.659912109375,3901.10009765625,3855.659912109375,3898.419921875,120300
2023-07-14 00:00:00+08:00,3904.60009765625,3908.489990234375,3893.7900390625,3899.10009765625,122400
2023-07-15 00:00:00+08:00,,,,,0
2023-07-16 00:00:00+08:00,,,,,0
2023-07-17 00:00:00+08:00,3881.6201171875,3881.6201171875,3852.260009765625,3867.169921875,98300
2023-07-18 00:00:00+08:00,3871.0400390625,3871.0400390625,3844.510009765625,3854.93994140625,91400
2023-07-19 00:00:00+08:00,3848.47998046875,3860.010009765625,3830.409912109375,3850.8701171875,79600
2023-07-20 00:00:00+08:00,3857.77001953125,3875.6201171875,3818.7099609375,3823.68994140625,92000
2023-07-21 00:00:00+08:00,3816.97998046875,3849.510009765625,3808.800048828125,3821.909912109375,79500
2023-07-22 00:00:00+08:00,,,,,0
2023-07-23 00:00:00+08:00,,,,,0
2023-07-24 00:00:00+08:00,3803.35009765625,3828.7900390625,3798.800048828125,3805.219970703125,75500
2023-07-25 00:00:00+08:00,3866.639892578125,3915.81005859375,3866.639892578125,3915.1201171875,163100
2023-07-26 00:00:00+08:00,3908.169921875,3912.97998046875,3893.39990234375,3907.010009765625,107900
2023-07-27 00:00:00+08:00,3914.22998046875,3935.360107421875,3894.68994140625,3902.35009765625,110700
2023-07-28 00:00:00+08:00,3889.7900390625,4000.919921875,3886.550048828125,3992.739990234375,179700
2023-07-29 00:00:00+08:00,,,,,0
2023-07-30 00:00:00+08:00,,,,,0
2023-07-31 00:00:00+08:00,4018.889892578125,4064.360107421875,4002.080078125,4014.6298828125,199600
2023-08-01 00:00:00+08:00,4009.179931640625,4031.699951171875,3983.030029296875,3998.0,142300
2023-08-02 00:00:00+08:00,3985.699951171875,4008.330078125,3958.510009765625,3969.89990234375,125900
2023-08-03 00:00:00+08:00,3962.1298828125,4005.0,3962.1298828125,4004.97998046875,129000
2023-08-04 00:00:00+08:00,4033.719970703125,4058.239990234375,4011.6201171875,4020.580078125,178300
2023-08-05 00:00:00+08:00,,,,,0
2023-08-06 00:00:00+08:00,,,,,0
2023-08-07 00:00:00+08:00,4002.969970703125,4002.969970703125,3977.02001953125,3990.14990234375,121300
2023-08-08 00:00:00+08:00,3980.0400390625,4002.2900390625,3963.4599609375,3979.72998046875,109900
2023-08-09 00:00:00+08:00,3967.360107421875,3982.110107421875,3961.840087890625,3967.570068359375,94600
2023-08-10 00:00:00+08:00,3962.860107421875,3976.4599609375,3945.389892578125,3975.719970703125,97200
2023-08-11 00:00:00+08:00,3977.97998046875,3977.97998046875,3884.25,3884.25,126100
2023-08-12 00:00:00+08:00,,,,,0
2023-08-13 00:00:00+08:00,,,,,0
2023-08-14 00:00:00+08:00,3840.889892578125,3859.469970703125,3814.070068359375,3855.909912109375,116000
2023-08-15 00:00:00+08:00,3858.3701171875,3865.280029296875,3811.679931640625,3846.5400390625,103100
2023-08-16 00:00:00+08:00,3830.830078125,3852.419921875,3817.6298828125,3818.330078125,94600
2023-08-17 00:00:00+08:00,3801.199951171875,3836.14990234375,3782.5,3831.10009765625,98400
2023-08-18 00:00:00+08:00,3832.4599609375,3844.199951171875,3784.0,3784.0,95600
2023-08-19 00:00:00+08:00,,,,,0
2023-08-20 00:00:00+08:00,,,,,0
2023-08-21 00:00:00+08:00,3773.22998046875,3782.110107421875,3729.56005859375,3729.56005859375,98700
2023-08-22 00:00:00+08:00,3748.070068359375,3770.06005859375,3704.679931640625,3758.22998046875,120300
2023-08-23 00:00:00+08:00,3751.77001953125,3756.169921875,3695.030029296875,3696.6298828125,97100
2023-08-24 00:00:00+08:00,3711.5400390625,3748.860107421875,3701.570068359375,3723.429931640625,119600
2023-08-25 00:00:00+08:00,3703.510009765625,3730.7900390625,3697.27001953125,3730.7900390625,77900
2023-08-26 00:00:00+08:00,,,,,0
2023-08-27 00:00:00+08:00,,,,,0
2023-08-28 00:00:00+08:00,3911.550048828125,3911.550048828125,3740.530029296875,3752.6201171875,198000
2023-08-29 00:00:00+08:00,3743.050048828125,3810.3798828125,3742.080078125,3790.110107421875,152500
2023-08-30 00:00:00+08:00,3803.1201171875,3813.699951171875,3780.239990234375,3788.510009765625,129700
2023-08-31 00:00:00+08:00,3786.929931640625,3794.0,3762.0,3765.27001953125,119000
2023-09-01 00:00:00+08:00,3778.909912109375,3808.530029296875,3778.909912109375,3791.489990234375,105300
2023-09-02 00:00:00+08:00,,,,,0
2023-09-03 00:00:00+08:00,,,,,0
2023-09-04 00:00:00+08:00,3812.989990234375,3854.260009765625,3804.590087890625,3848.949951171875,142400
2023-09-05 00:00:00+08:00,3839.580078125,3839.580078125,3814.330078125,3820.320068359375,104100
2023-09-06 00:00:00+08:00,3808.10009765625,3817.52001953125,3790.889892578125,3812.030029296875,93400
2023-09-07 00:00:00+08:00,3802.22998046875,3802.22998046875,3756.85009765625,3758.469970703125,95100
2023-09-08 00:00:00+08:00,3747.64990234375,3753.260009765625,3724.989990234375,3739.989990234375,71600
2023-09-09 00:00:00+08:00,,,,,0
2023-09-10 00:00:00+08:00,,,,,0
2023-09-11 00:00:00+08:00,3740.580078125,3788.320068359375,3734.719970703125,3767.5400390625,105400
2023-09-12 00:00:00+08:00,3764.330078125,3775.090087890625,3755.419921875,3760.60009765625,79400
2023-09-13 00:00:00+08:00,3759.610107421875,3768.820068359375,3719.110107421875,3736.64990234375,81600
2023-09-14 00:00:00+08:00,3736.93994140625,3748.820068359375,3717.31005859375,3733.510009765625,100400
2023-09-15 00:00:00+08:00,3740.7900390625,3749.02001953125,3699.3798828125,3708.780029296875,109400
2023-09-16 00:00:00+08:00,,,,,0
2023-09-17 00:00:00+08:00,,,,,0
2023-09-18 00:00:00+08:00,3698.929931640625,3737.530029296875,3691.110107421875,3727.7099609375,86700
2023-09-19 00:00:00+08:00,3723.419921875,3724.070068359375,3702.68994140625,3720.5,83200
2023-09-20 00:00:00+08:00,3715.9599609375,3718.52001953125,3705.1298828125,3705.68994140625,75400
2023-09-21 00:00:00+08:00,3698.31005859375,3708.4599609375,3672.43994140625,3672.43994140625,83000
2023-09-22 00:00:00+08:00,3672.639892578125,3740.419921875,3664.77001953125,3738.929931640625,110200
2023-09-23 00:00:00+08:00,,,,,0
2023-09-24 00:00:00+08:00,,,,,0
2023-09-25 00:00:00+08:00,3738.06005859375,3738.06005859375,3711.199951171875,3714.60009765625,92600
2023-09-26 00:00:00+08:00,3711.7099609375,3723.85009765625,3692.6201171875,3692.889892578125,78000
2023-09-27 00:00:00+08:00,3694.9599609375,3731.139892578125,3694.389892578125,3700.5,91600
2023-09-28 00:00:00+08:00,3711.2099609375,3716.06005859375,3685.300048828125,3689.52001953125,85200
2023-09-29 00:00:00+08:00,,,,,0
2023-09-30 00:00:00+08:00,,,,,0
2023-10-01 00:00:00+08:00,,,,,0
2023-10-02 00:00:00+08:00,,,,,0
2023-10-03 00:00:00+08:00,,,,,0
2023-10-04 00:00:00+08:00,,,,,0
2023-10-05 00:00:00+08:00,,,,,0
2023-10-06 00:00:00+08:00,,,,,0
2023-10-07 00:00:00+08:00,,,,,0
2023-10-08 00:00:00+08:00,,,,,0
2023-10-09 00:00:00+08:00,3678.929931640625,3694.169921875,3642.0,3684.72998046875,102100
2023-10-10 00:00:00+08:00,3696.25,3701.260009765625,3655.590087890625,3657.1298828125,99200
2023-10-11 00:00:00+08:00,3674.75,3689.530029296875,3658.360107421875,3667.550048828125,102100
2023-10-12 00:00:00+08:00,3697.929931640625,3711.5,3682.840087890625,3702.3798828125,114400
2023-10-13 00:00:00+08:00,3677.9599609375,3678.18994140625,3652.31005859375,3663.409912109375,98300
2023-10-14 00:00:00+08:00,,,,,0
2023-10-15 00:00:00+08:00,,,,,0
2023-10-16 00:00:00+08:00,3664.0400390625,3664.0400390625,3615.77001953125,3626.60009765625,91900
2023-10-17 00:00:00+08:00,3635.300048828125,3645.570068359375,3619.1298828125,3639.39990234375,90700
2023-10-18 00:00:00+08:00,3631.070068359375,3632.06005859375,3608.97998046875,3610.580078125,94500
2023-10-19 00:00:00+08:00,3588.52001953125,3588.52001953125,3532.31005859375,3533.5400390625,111700
2023-10-20 00:00:00+08:00,3518.35009765625,3535.659912109375,3501.72998046875,3510.590087890625,98500
2023-10-21 00:00:00+08:00,,,,,0
2023-10-22 00:00:00+08:00,,,,,0
2023-10-23 00:00:00+08:00,3500.199951171875,3505.35009765625,3450.64990234375,3474.239990234375,96600
2023-10-24 00:00:00+08:00,3481.760009765625,3495.0,3453.10009765625,3487.1298828125,115500
2023-10-25 00:00:00+08:00,3524.300048828125,3531.830078125,3500.919921875,3504.4599609375,128000
2023-10-26 00:00:00+08:00,3484.780029296875,3515.570068359375,3478.050048828125,3514.139892578125,105100
2023-10-27 00:00:00+08:00,3501.169921875,3576.590087890625,3494.550048828125,3562.389892578125,120200
2023-10-28 00:00:00+08:00,,,,,0
2023-10-29 00:00:00+08:00,,,,,0
2023-10-30 00:00:00+08:00,3554.110107421875,3592.719970703125,3554.02001953125,3583.77001953125,144000
2023-10-31 00:00:00+08:00,3581.679931640625,3581.679931640625,3554.580078125,3572.510009765625,112600
2023-11-01 00:00:00+08:00,3605.760009765625,3606.409912109375,3564.639892578125,3571.030029296875,97600
2023-11-02 00:00:00+08:00,3580.070068359375,3597.169921875,3553.739990234375,3554.18994140625,90400
2023-11-03 00:00:00+08:00,3558.530029296875,3596.10009765625,3558.530029296875,3584.139892578125,97500
2023-11-04 00:00:00+08:00,,,,,0
2023-11-05 00:00:00+08:00,,,,,0
2023-11-06 00:00:00+08:00,3608.320068359375,3635.7900390625,3600.6298828125,3632.610107421875,153000
2023-11-07 00:00:00+08:00,3623.780029296875,3628.4599609375,3606.300048828125,3619.760009765625,110300
2023-11-08 00:00:00+08:00,3610.639892578125,3627.050048828125,3591.820068359375,3611.070068359375,110600
2023-11-09 00:00:00+08:00,3603.110107421875,3624.409912109375,3601.3701171875,3612.830078125,111900
2023-11-10 00:00:00+08:00,3596.070068359375,3599.449951171875,3576.10009765625,3586.489990234375,102100
2023-11-11 00:00:00+08:00,,,,,0
2023-11-12 00:00:00+08:00,,,,,0
2023-11-13 00:00:00+08:00,3593.909912109375,3599.389892578125,3562.77001953125,3579.409912109375,96700
2023-11-14 00:00:00+08:00,3581.10009765625,3600.14990234375,3568.8798828125,3582.06005859375,100900
2023-11-15 00:00:00+08:00,3616.8798828125,3620.60009765625,3596.919921875,3607.25,104900
2023-11-16 00:00:00+08:00,3600.97998046875,3605.2900390625,3572.360107421875,3572.360107421875,87500
2023-11-17 00:00:00+08:00,3561.31005859375,3573.679931640625,3547.030029296875,3568.070068359375,87300
2023-11-18 00:00:00+08:00,,,,,0
2023-11-19 00:00:00+08:00,,,,,0
2023-11-20 00:00:00+08:00,3569.72998046875,3586.969970703125,3545.10009765625,3576.320068359375,91100
2023-11-21 00:00:00+08:00,3587.8798828125,3615.06005859375,3575.679931640625,3581.070068359375,108600
2023-11-22 00:00:00+08:00,3569.43994140625,3574.3798828125,3544.419921875,3544.419921875,84800
2023-11-23 00:00:00+08:00,3541.43994140625,3562.070068359375,3529.93994140625,3561.52001953125,84800
2023-11-24 00:00:00+08:00,3560.64990234375,3560.64990234375,3534.0,3538.010009765625,85000
2023-11-25 00:00:00+08:00,,,,,0
2023-11-26 00:00:00+08:00,,,,,0
2023-11-27 00:00:00+08:00,3534.43994140625,3534.43994140625,3492.860107421875,3511.93994140625,99100
2023-11-28 00:00:00+08:00,3510.659912109375,3521.050048828125,3501.110107421875,3518.52001953125,89300
2023-11-29 00:00:00+08:00,3518.8798828125,3519.199951171875,3482.239990234375,3488.31005859375,98800
2023-11-30 00:00:00+08:00,3485.52001953125,3505.1298828125,3481.449951171875,3496.199951171875,101400
2023-12-01 00:00:00+08:00,3494.219970703125,3494.219970703125,3452.169921875,3482.8798828125,108500
2023-12-02 00:00:00+08:00,,,,,0
2023-12-03 00:00:00+08:00,,,,,0
2023-12-04 00:00:00+08:00,3481.0400390625,3488.1298828125,3459.610107421875,3460.139892578125,97200
2023-12-05 00:00:00+08:00,3450.090087890625,3450.090087890625,3393.81005859375,3394.260009765625,100500
2023-12-06 00:00:00+08:00,3387.8798828125,3420.280029296875,3382.949951171875,3399.60009765625,105800
2023-12-07 00:00:00+08:00,3394.31005859375,3404.409912109375,3369.77001953125,3391.280029296875,97700
2023-12-08 00:00:00+08:00,3391.860107421875,3409.3798828125,3383.449951171875,3399.4599609375,129500
2023-12-09 00:00:00+08:00,,,,,0
2023-12-10 00:00:00+08:00,,,,,0
2023-12-11 00:00:00+08:00,3378.050048828125,3426.610107421875,3346.889892578125,3419.449951171875,139600
2023-12-12 00:00:00+08:00,3410.0,3427.550048828125,3406.10009765625,3426.800048828125,105600
2023-12-13 00:00:00+08:00,3418.639892578125,3418.639892578125,3369.610107421875,3369.610107421875,95300
2023-12-14 00:00:00+08:00,3387.3798828125,3399.139892578125,3350.760009765625,3351.9599609375,83700
2023-12-15 00:00:00+08:00,3365.93994140625,3388.5,3339.52001953125,3341.550048828125,97800
2023-12-16 00:00:00+08:00,,,,,0
2023-12-17 00:00:00+08:00,,,,,0
2023-12-18 00:00:00+08:00,3329.18994140625,3352.35009765625,3314.909912109375,3329.3701171875,90500
2023-12-19 00:00:00+08:00,3325.659912109375,3345.780029296875,3313.18994140625,3334.0400390625,83800
2023-12-20 00:00:00+08:00,3334.330078125,3338.5400390625,3297.3701171875,3297.5,92400
2023-12-21 00:00:00+08:00,3285.60009765625,3339.360107421875,3283.989990234375,3330.8701171875,102500
2023-12-22 00:00:00+08:00,3329.469970703125,3359.06005859375,3315.89990234375,3337.22998046875,105200
2023-12-23 00:00:00+08:00,,,,,0
2023-12-24 00:00:00+08:00,,,,,0
2023-12-25 00:00:00+08:00,3330.330078125,3348.8798828125,3330.330078125,3347.449951171875,74500
2023-12-26 00:00:00+08:00,3345.39990234375,3345.419921875,3315.93994140625,3324.7900390625,74700
2023-12-27 00:00:00+08:00,3326.929931640625,3341.27001953125,3309.669921875,3336.360107421875,94400
2023-12-28 00:00:00+08:00,3335.56005859375,3423.39990234375,3331.2099609375,3414.5400390625,148100
2023-12-29 00:00:00+08:00,3411.110107421875,3432.5400390625,3409.580078125,3431.110107421875,114900
2023-12-30 00:00:00+08:00,,,,,0
2023-12-31 00:00:00+08:00,,,,,0
2024-01-01 00:00:00+08:00,,,,,0
2024-01-02 00:00:00+08:00,3426.27001953125,3426.27001953125,3386.35009765625,3386.35009765625,116200
2024-01-03 00:00:00+08:00,3379.75,3392.85009765625,3362.659912109375,3378.300048828125,105600
2024-01-04 00:00:00+08:00,3375.02001953125,3375.02001953125,3323.860107421875,3347.050048828125,106700
2024-01-05 00:00:00+08:00,3341.31005859375,3372.5400390625,3313.550048828125,3329.110107421875,126400
2024-01-06 00:00:00+08:00,,,,,0
2024-01-07 00:00:00+08:00,,,,,0
2024-01-08 00:00:00+08:00,3322.610107421875,3333.52001953125,3283.340087890625,3286.06005859375,117400
2024-01-09 00:00:00+08:00,3286.7099609375,3304.60009765625,3273.840087890625,3292.5,109300
2024-01-10 00:00:00+08:00,3281.669921875,3312.919921875,3268.25,3277.1298828125,94200
2024-01-11 00:00:00+08:00,3275.31005859375,3311.110107421875,3266.7900390625,3295.669921875,108800
2024-01-12 00:00:00+08:00,3284.360107421875,3310.469970703125,3279.699951171875,3284.169921875,96900
2024-01-13 00:00:00+08:00,,,,,0
2024-01-14 00:00:00+08:00,,,,,0
2024-01-15 00:00:00+08:00,3270.10009765625,3306.919921875,3261.27001953125,3280.919921875,88900
2024-01-16 00:00:00+08:00,3272.570068359375,3300.8798828125,3260.43994140625,3300.8798828125,113300
2024-01-17 00:00:00+08:00,3291.139892578125,3291.139892578125,3229.080078125,3229.080078125,108800
2024-01-18 00:00:00+08:00,3214.280029296875,3279.25,3171.6298828125,3274.72998046875,174900
2024-01-19 00:00:00+08:00,3261.239990234375,3286.93994140625,3251.81005859375,3269.780029296875,118500
2024-01-20 00:00:00+08:00,,,,,0
2024-01-21 00:00:00+08:00,,,,,0
2024-01-22 00:00:00+08:00,3262.469970703125,3281.419921875,3193.179931640625,3218.89990234375,148700
2024-01-23 00:00:00+08:00,3208.429931640625,3249.530029296875,3188.1298828125,3231.929931640625,122000
2024-01-24 00:00:00+08:00,3245.9599609375,3281.489990234375,3190.469970703125,3277.110107421875,154400
2024-01-25 00:00:00+08:00,3274.340087890625,3344.239990234375,3269.7900390625,3342.919921875,196800
2024-01-26 00:00:00+08:00,3326.64990234375,3351.969970703125,3315.1298828125,3333.820068359375,180700
2024-01-27 00:00:00+08:00,,,,,0
2024-01-28 00:00:00+08:00,,,,,0
2024-01-29 00:00:00+08:00,3335.389892578125,3351.3701171875,3303.9599609375,3303.9599609375,184200
2024-01-30 00:00:00+08:00,3283.89990234375,3300.199951171875,3244.969970703125,3245.0400390625,143600
2024-01-31 00:00:00+08:00,3231.5400390625,3252.14990234375,3201.929931640625,3215.35009765625,153100
2024-02-01 00:00:00+08:00,3202.260009765625,3251.760009765625,3191.89990234375,3217.7099609375,145500
2024-02-02 00:00:00+08:00,3219.8701171875,3235.409912109375,3108.35009765625,3179.6298828125,173800
2024-02-03 00:00:00+08:00,,,,,0
2024-02-04 00:00:00+08:00,,,,,0
2024-02-05 00:00:00+08:00,3164.25,3233.85009765625,3111.52001953125,3200.419921875,203000
2024-02-06 00:00:00+08:00,3185.25,3314.510009765625,3182.820068359375,3311.68994140625,202700
2024-02-07 00:00:00+08:00,3314.030029296875,3343.6298828125,3289.669921875,3343.6298828125,216600
2024-02-08 00:00:00+08:00,3351.409912109375,3367.2099609375,3336.97998046875,3364.929931640625,190000
2024-02-09 00:00:00+08:00,,,,,0
2024-02-10 00:00:00+08:00,,,,,0
2024-02-11 00:00:00+08:00,,,,,0
2024-02-12 00:00:00+08:00,,,,,0
2024-02-13 00:00:00+08:00,,,,,0
2024-02-14 00:00:00+08:00,,,,,0
2024-02-15 00:00:00+08:00,,,,,0
2024-02-16 00:00:00+08:00,,,,,0
2024-02-17 00:00:00+08:00,,,,,0
2024-02-18 00:00:00+08:00,,,,,0
2024-02-19 00:00:00+08:00,3393.18994140625,3403.81005859375,3364.139892578125,3403.81005859375,183300
2024-02-20 00:00:00+08:00,3395.18994140625,3415.889892578125,3380.10009765625,3410.85009765625,140700
2024-02-21 00:00:00+08:00,3390.360107421875,3500.1298828125,3383.68994140625,3456.8701171875,188900
2024-02-22 00:00:00+08:00,3450.35009765625,3486.679931640625,3448.409912109375,3486.669921875,141000
2024-02-23 00:00:00+08:00,3491.340087890625,3507.56005859375,3472.969970703125,3489.739990234375,144800
2024-02-24 00:00:00+08:00,,,,,0
2024-02-25 00:00:00+08:00,,,,,0
2024-02-26 00:00:00+08:00,3485.5400390625,3492.610107421875,3445.389892578125,3453.360107421875,151200
2024-02-27 00:00:00+08:00,3440.050048828125,3494.7900390625,3437.43994140625,3494.7900390625,139500
2024-02-28 00:00:00+08:00,3499.830078125,3521.659912109375,3450.260009765625,3450.260009765625,189800
2024-02-29 00:00:00+08:00,3437.89990234375,3516.080078125,3437.89990234375,3516.080078125,155900
2024-03-01 00:00:00+08:00,3515.06005859375,3544.360107421875,3503.4599609375,3537.800048828125,162700
2024-03-02 00:00:00+08:00,,,,,0
2024-03-03 00:00:00+08:00,,,,,0
2024-03-04 00:00:00+08:00,3538.3701171875,3548.68994140625,3519.760009765625,3540.8701171875,163200
2024-03-05 00:00:00+08:00,3524.9599609375,3570.68994140625,3519.080078125,3565.510009765625,166400
2024-03-06 00:00:00+08:00,3556.530029296875,3577.389892578125,3545.10009765625,3551.050048828125,143100
2024-03-07 00:00:00+08:00,3548.10009765625,3569.919921875,3522.89990234375,3529.719970703125,148100
2024-03-08 00:00:00+08:00,3529.550048828125,3548.510009765625,3511.580078125,3544.909912109375,125800
2024-03-09 00:00:00+08:00,,,,,0
2024-03-10 00:00:00+08:00,,,,,0
2024-03-11 00:00:00+08:00,3545.93994140625,3589.260009765625,3542.280029296875,3589.260009765625,148200
2024-03-12 00:00:00+08:00,3592.580078125,3605.699951171875,3574.2099609375,3597.489990234375,180700
2024-03-13 00:00:00+08:00,3594.419921875,3594.419921875,3563.3701171875,3572.360107421875,144600
2024-03-14 00:00:00+08:00,3571.7900390625,3597.4599609375,3545.610107421875,3562.219970703125,141000
2024-03-15 00:00:00+08:00,3554.909912109375,3572.81005859375,3533.679931640625,3569.989990234375,138300
2024-03-16 00:00:00+08:00,,,,,0
2024-03-17 00:00:00+08:00,,,,,0
2024-03-18 00:00:00+08:00,3577.06005859375,3604.050048828125,3573.39990234375,3603.530029296875,160400
2024-03-19 00:00:00+08:00,3593.340087890625,3610.739990234375,3577.18994140625,3577.6298828125,145600
2024-03-20 00:00:00+08:00,3568.719970703125,3589.550048828125,3568.429931640625,3585.3798828125,129500
2024-03-21 00:00:00+08:00,3593.070068359375,3601.110107421875,3575.030029296875,3581.090087890625,130700
2024-03-22 00:00:00+08:00,3571.27001953125,3575.719970703125,3522.840087890625,3545.0,139200
2024-03-23 00:00:00+08:00,,,,,0
2024-03-24 00:00:00+08:00,,,,,0
2024-03-25 00:00:00+08:00,3536.7099609375,3564.9599609375,3525.760009765625,3525.760009765625,137000
2024-03-26 00:00:00+08:00,3526.679931640625,3547.64990234375,3518.60009765625,3543.75,126200
2024-03-27 00:00:00+08:00,3538.724365234375,3542.96240234375,3502.78662109375,3502.78662109375,4272741708
